{"data_time": 0.008460656001261668, "eta_seconds": 2363.590877978495, "fast_rcnn/cls_accuracy": 0.400390625, "fast_rcnn/false_negative": 0.3515625, "fast_rcnn/fg_cls_accuracy": 0.3359375, "iteration": 19, "loss_box_reg": 0.708795964717865, "loss_cls": 1.3439000844955444, "loss_mask": 0.6929819285869598, "loss_rpn_cls": 0.02909001801162958, "loss_rpn_loc": 0.06293404474854469, "lr": 4.99525e-06, "mask_rcnn/accuracy": 0.40021125637755106, "mask_rcnn/false_negative": 0.9972443643345149, "mask_rcnn/false_positive": 0.00047735068789801674, "roi_head/num_bg_samples": 96.0, "roi_head/num_fg_samples": 32.0, "rpn/num_neg_anchors": 128.0, "rpn/num_pos_anchors": 128.0, "time": 1.597020863498983, "total_loss": 2.8409489654004574}
{"data_time": 0.008343436500581447, "eta_seconds": 2339.028726930228, "fast_rcnn/cls_accuracy": 0.615234375, "fast_rcnn/false_negative": 0.6875, "fast_rcnn/fg_cls_accuracy": 0.125, "iteration": 39, "loss_box_reg": 0.651534378528595, "loss_cls": 1.2417768239974976, "loss_mask": 0.6808109879493713, "loss_rpn_cls": 0.02144198678433895, "loss_rpn_loc": 0.0560404509305954, "lr": 9.99025e-06, "mask_rcnn/accuracy": 0.9182378029336735, "mask_rcnn/false_negative": 0.0801871971285549, "mask_rcnn/false_positive": 0.0859180944878231, "roi_head/num_bg_samples": 96.0, "roi_head/num_fg_samples": 32.0, "rpn/num_neg_anchors": 128.0, "rpn/num_pos_anchors": 128.0, "time": 1.6117483179987175, "total_loss": 2.7086829440668225}
{"data_time": 0.006933183500223095, "eta_seconds": 2334.585921119142, "fast_rcnn/cls_accuracy": 0.744140625, "fast_rcnn/false_negative": 0.9609375, "fast_rcnn/fg_cls_accuracy": 0.015625, "iteration": 59, "loss_box_reg": 0.6936619877815247, "loss_cls": 1.0382705926895142, "loss_mask": 0.6517493724822998, "loss_rpn_cls": 0.011726319324225187, "loss_rpn_loc": 0.052487216889858246, "lr": 1.4985249999999999e-05, "mask_rcnn/accuracy": 0.9195930325255102, "mask_rcnn/false_negative": 0.042605218345192375, "mask_rcnn/false_positive": 0.14678312075559916, "roi_head/num_bg_samples": 96.0, "roi_head/num_fg_samples": 32.0, "rpn/num_neg_anchors": 128.0, "rpn/num_pos_anchors": 128.0, "time": 1.6567957769984787, "total_loss": 2.4860169098246843}
{"data_time": 0.00663313850054692, "eta_seconds": 2316.8730351783233, "fast_rcnn/cls_accuracy": 0.75, "fast_rcnn/false_negative": 1.0, "fast_rcnn/fg_cls_accuracy": 0.0, "iteration": 79, "loss_box_reg": 0.6840217113494873, "loss_cls": 0.8679762780666351, "loss_mask": 0.6101062297821045, "loss_rpn_cls": 0.014430694282054901, "loss_rpn_loc": 0.05282830446958542, "lr": 1.9980250000000002e-05, "mask_rcnn/accuracy": 0.9230508609693877, "mask_rcnn/false_negative": 0.0200918328950301, "mask_rcnn/false_positive": 0.16783318728921603, "roi_head/num_bg_samples": 96.0, "roi_head/num_fg_samples": 32.0, "rpn/num_neg_anchors": 128.0, "rpn/num_pos_anchors": 128.0, "time": 1.6568234549995395, "total_loss": 2.2271399162709713}
{"data_time": 0.007082471500325482, "eta_seconds": 2283.3789502979926, "fast_rcnn/cls_accuracy": 0.75, "fast_rcnn/false_negative": 1.0, "fast_rcnn/fg_cls_accuracy": 0.0, "iteration": 99, "loss_box_reg": 0.6680532991886139, "loss_cls": 0.7269530594348907, "loss_mask": 0.5665271282196045, "loss_rpn_cls": 0.008677111007273197, "loss_rpn_loc": 0.049117257818579674, "lr": 2.497525e-05, "mask_rcnn/accuracy": 0.9300163424744898, "mask_rcnn/false_negative": 0.0051610257527992965, "mask_rcnn/false_positive": 0.1734267514230563, "roi_head/num_bg_samples": 96.0, "roi_head/num_fg_samples": 32.0, "rpn/num_neg_anchors": 128.0, "rpn/num_pos_anchors": 128.0, "time": 1.6305809259993111, "total_loss": 2.055511634564027}
{"data_time": 0.00915990400062583, "eta_seconds": 2252.3975042082748, "fast_rcnn/cls_accuracy": 0.75, "fast_rcnn/false_negative": 1.0, "fast_rcnn/fg_cls_accuracy": 0.0, "iteration": 119, "loss_box_reg": 0.6427740156650543, "loss_cls": 0.6446337401866913, "loss_mask": 0.5137340426445007, "loss_rpn_cls": 0.009922204539179802, "loss_rpn_loc": 0.051028644666075706, "lr": 2.997025e-05, "mask_rcnn/accuracy": 0.9303950095663265, "mask_rcnn/false_negative": 0.0025248947478869552, "mask_rcnn/false_positive": 0.18974190826595144, "roi_head/num_bg_samples": 96.0, "roi_head/num_fg_samples": 32.0, "rpn/num_neg_anchors": 128.0, "rpn/num_pos_anchors": 128.0, "time": 1.6639798744981817, "total_loss": 1.886515348800458}
{"data_time": 0.006915103998835548, "eta_seconds": 2223.1236865217215, "fast_rcnn/cls_accuracy": 0.75, "fast_rcnn/false_negative": 1.0, "fast_rcnn/fg_cls_accuracy": 0.0, "iteration": 139, "loss_box_reg": 0.6598551273345947, "loss_cls": 0.5862541496753693, "loss_mask": 0.44994617998600006, "loss_rpn_cls": 0.005141191417351365, "loss_rpn_loc": 0.04968929663300514, "lr": 3.4965250000000005e-05, "mask_rcnn/accuracy": 0.9306839923469388, "mask_rcnn/false_negative": 0.0016289197826420605, "mask_rcnn/false_positive": 0.17555431030631563, "roi_head/num_bg_samples": 96.0, "roi_head/num_fg_samples": 32.0, "rpn/num_neg_anchors": 128.0, "rpn/num_pos_anchors": 128.0, "time": 1.6462059980021877, "total_loss": 1.7749021369963884}
{"data_time": 0.005998417500450159, "eta_seconds": 2193.1076607241266, "fast_rcnn/cls_accuracy": 0.75, "fast_rcnn/false_negative": 1.0, "fast_rcnn/fg_cls_accuracy": 0.0, "iteration": 159, "loss_box_reg": 0.6489932239055634, "loss_cls": 0.5395399034023285, "loss_mask": 0.3944356292486191, "loss_rpn_cls": 0.0050357605796307325, "loss_rpn_loc": 0.05182068422436714, "lr": 3.996025e-05, "mask_rcnn/accuracy": 0.9314213966836735, "mask_rcnn/false_negative": 0.001677849281391489, "mask_rcnn/false_positive": 0.17890276893609844, "roi_head/num_bg_samples": 96.0, "roi_head/num_fg_samples": 32.0, "rpn/num_neg_anchors": 128.0, "rpn/num_pos_anchors": 128.0, "time": 1.6373073235008633, "total_loss": 1.631469654617831}
{"data_time": 0.006049503501344589, "eta_seconds": 2157.737695741671, "fast_rcnn/cls_accuracy": 0.75, "fast_rcnn/false_negative": 0.984375, "fast_rcnn/fg_cls_accuracy": 0.0, "iteration": 179, "loss_box_reg": 0.6397205591201782, "loss_cls": 0.5012523531913757, "loss_mask": 0.34308168292045593, "loss_rpn_cls": 0.0029643059242516756, "loss_rpn_loc": 0.049210868775844574, "lr": 4.4955249999999996e-05, "mask_rcnn/accuracy": 0.9327367665816326, "mask_rcnn/false_negative": 0.0020819242678743605, "mask_rcnn/false_positive": 0.18682694778552805, "roi_head/num_bg_samples": 96.0, "roi_head/num_fg_samples": 32.0, "rpn/num_neg_anchors": 128.0, "rpn/num_pos_anchors": 128.0, "time": 1.602134874499825, "total_loss": 1.5356512697471771}
{"data_time": 0.0068676985010824865, "eta_seconds": 2127.6417604040034, "fast_rcnn/cls_accuracy": 0.779296875, "fast_rcnn/false_negative": 0.8125, "fast_rcnn/fg_cls_accuracy": 0.1171875, "iteration": 199, "loss_box_reg": 0.6100261807441711, "loss_cls": 0.4643285721540451, "loss_mask": 0.29789572954177856, "loss_rpn_cls": 0.004574837861582637, "loss_rpn_loc": 0.05062146857380867, "lr": 4.9950250000000005e-05, "mask_rcnn/accuracy": 0.9351283482142857, "mask_rcnn/false_negative": 0.0027043190367095488, "mask_rcnn/false_positive": 0.17435904709456082, "roi_head/num_bg_samples": 96.0, "roi_head/num_fg_samples": 32.0, "rpn/num_neg_anchors": 128.0, "rpn/num_pos_anchors": 128.0, "time": 1.6403242180003872, "total_loss": 1.4260685443878174}
{"data_time": 0.0075997325002390426, "eta_seconds": 2094.908810243942, "fast_rcnn/cls_accuracy": 0.806640625, "fast_rcnn/false_negative": 0.625, "fast_rcnn/fg_cls_accuracy": 0.2265625, "iteration": 219, "loss_box_reg": 0.609113335609436, "loss_cls": 0.4240815341472626, "loss_mask": 0.25911757349967957, "loss_rpn_cls": 0.0029959266539663076, "loss_rpn_loc": 0.047727448865771294, "lr": 5.494525e-05, "mask_rcnn/accuracy": 0.9366729113520408, "mask_rcnn/false_negative": 0.002092156229200535, "mask_rcnn/false_positive": 0.16409130185650853, "roi_head/num_bg_samples": 96.0, "roi_head/num_fg_samples": 32.0, "rpn/num_neg_anchors": 128.0, "rpn/num_pos_anchors": 128.0, "time": 1.6497759755002335, "total_loss": 1.3447604321409017}
{"data_time": 0.007081151497914107, "eta_seconds": 2057.3094357899026, "fast_rcnn/cls_accuracy": 0.84375, "fast_rcnn/false_negative": 0.484375, "fast_rcnn/fg_cls_accuracy": 0.375, "iteration": 239, "loss_box_reg": 0.578384280204773, "loss_cls": 0.3940105438232422, "loss_mask": 0.22419680655002594, "loss_rpn_cls": 0.004504657816141844, "loss_rpn_loc": 0.04734678193926811, "lr": 5.994025e-05, "mask_rcnn/accuracy": 0.9396125637755102, "mask_rcnn/false_negative": 0.0023913631044221732, "mask_rcnn/false_positive": 0.16305441588294062, "roi_head/num_bg_samples": 96.0, "roi_head/num_fg_samples": 32.0, "rpn/num_neg_anchors": 128.0, "rpn/num_pos_anchors": 128.0, "time": 1.6301129644998582, "total_loss": 1.2522970653808443}
{"data_time": 0.0072837335010262905, "eta_seconds": 2025.0590194982215, "fast_rcnn/cls_accuracy": 0.8671875, "fast_rcnn/false_negative": 0.3359375, "fast_rcnn/fg_cls_accuracy": 0.46875, "iteration": 259, "loss_box_reg": 0.5534020066261292, "loss_cls": 0.358815461397171, "loss_mask": 0.19923175126314163, "loss_rpn_cls": 0.003924654680304229, "loss_rpn_loc": 0.050049904733896255, "lr": 6.493525e-05, "mask_rcnn/accuracy": 0.9425223214285714, "mask_rcnn/false_negative": 0.0037018707096639525, "mask_rcnn/false_positive": 0.1489975582155988, "roi_head/num_bg_samples": 96.0, "roi_head/num_fg_samples": 32.0, "rpn/num_neg_anchors": 128.0, "rpn/num_pos_anchors": 128.0, "time": 1.6367509539995808, "total_loss": 1.1714613285148516}
{"data_time": 0.006774699499146664, "eta_seconds": 1993.6818337489967, "fast_rcnn/cls_accuracy": 0.87890625, "fast_rcnn/false_negative": 0.2578125, "fast_rcnn/fg_cls_accuracy": 0.515625, "iteration": 279, "loss_box_reg": 0.5358915328979492, "loss_cls": 0.33011558651924133, "loss_mask": 0.16969304531812668, "loss_rpn_cls": 0.0015517437714152038, "loss_rpn_loc": 0.050416791811585426, "lr": 6.993025000000002e-05, "mask_rcnn/accuracy": 0.9477838010204083, "mask_rcnn/false_negative": 0.00397993457734961, "mask_rcnn/false_positive": 0.13512255885349517, "roi_head/num_bg_samples": 96.0, "roi_head/num_fg_samples": 32.0, "rpn/num_neg_anchors": 128.0, "rpn/num_pos_anchors": 128.0, "time": 1.6380984514999, "total_loss": 1.0896895525802393}
{"data_time": 0.007917783999801031, "eta_seconds": 1965.0203742006852, "fast_rcnn/cls_accuracy": 0.896484375, "fast_rcnn/false_negative": 0.21875, "fast_rcnn/fg_cls_accuracy": 0.5859375, "iteration": 299, "loss_box_reg": 0.4898250252008438, "loss_cls": 0.30452118813991547, "loss_mask": 0.15100917220115662, "loss_rpn_cls": 0.0025518429465591908, "loss_rpn_loc": 0.04701365530490875, "lr": 7.492525e-05, "mask_rcnn/accuracy": 0.9484514508928572, "mask_rcnn/false_negative": 0.00493835760037922, "mask_rcnn/false_positive": 0.13438048836143346, "roi_head/num_bg_samples": 96.0, "roi_head/num_fg_samples": 32.0, "rpn/num_neg_anchors": 128.0, "rpn/num_pos_anchors": 128.0, "time": 1.6718198294984177, "total_loss": 1.00772048428189}
{"data_time": 0.0060528094982146285, "eta_seconds": 1932.2700346306738, "fast_rcnn/cls_accuracy": 0.89453125, "fast_rcnn/false_negative": 0.1875, "fast_rcnn/fg_cls_accuracy": 0.578125, "iteration": 319, "loss_box_reg": 0.43006038665771484, "loss_cls": 0.28879523277282715, "loss_mask": 0.135780930519104, "loss_rpn_cls": 0.0018051188089884818, "loss_rpn_loc": 0.04762421175837517, "lr": 7.992025e-05, "mask_rcnn/accuracy": 0.9532047193877551, "mask_rcnn/false_negative": 0.007437308412456122, "mask_rcnn/false_positive": 0.1249550703522263, "roi_head/num_bg_samples": 96.0, "roi_head/num_fg_samples": 32.0, "rpn/num_neg_anchors": 128.0, "rpn/num_pos_anchors": 128.0, "time": 1.635517691500354, "total_loss": 0.9102805808652192}
{"data_time": 0.009315093000623165, "eta_seconds": 1900.2732449790346, "fast_rcnn/cls_accuracy": 0.90234375, "fast_rcnn/false_negative": 0.140625, "fast_rcnn/fg_cls_accuracy": 0.640625, "iteration": 339, "loss_box_reg": 0.3645954132080078, "loss_cls": 0.2714802622795105, "loss_mask": 0.12389040738344193, "loss_rpn_cls": 0.0018290492589585483, "loss_rpn_loc": 0.05143103748559952, "lr": 8.491525000000001e-05, "mask_rcnn/accuracy": 0.9549784757653061, "mask_rcnn/false_negative": 0.008456811501456654, "mask_rcnn/false_positive": 0.11320362965006525, "roi_head/num_bg_samples": 96.0, "roi_head/num_fg_samples": 32.0, "rpn/num_neg_anchors": 128.0, "rpn/num_pos_anchors": 128.0, "time": 1.6532344965016819, "total_loss": 0.8229372648056597}
{"data_time": 0.010011509501055116, "eta_seconds": 1868.8456967682941, "fast_rcnn/cls_accuracy": 0.912109375, "fast_rcnn/false_negative": 0.15625, "fast_rcnn/fg_cls_accuracy": 0.6875, "iteration": 359, "loss_box_reg": 0.26852206885814667, "loss_cls": 0.247293621301651, "loss_mask": 0.10705879330635071, "loss_rpn_cls": 0.0011345792736392468, "loss_rpn_loc": 0.0484451986849308, "lr": 8.991025e-05, "mask_rcnn/accuracy": 0.961166693239796, "mask_rcnn/false_negative": 0.011660222082587183, "mask_rcnn/false_positive": 0.0829795337584871, "roi_head/num_bg_samples": 96.0, "roi_head/num_fg_samples": 32.0, "rpn/num_neg_anchors": 128.0, "rpn/num_pos_anchors": 128.0, "time": 1.6700344849996327, "total_loss": 0.6856434694273048}
{"data_time": 0.006943733500520466, "eta_seconds": 1836.3942167209461, "fast_rcnn/cls_accuracy": 0.919921875, "fast_rcnn/false_negative": 0.125, "fast_rcnn/fg_cls_accuracy": 0.71875, "iteration": 379, "loss_box_reg": 0.23221783339977264, "loss_cls": 0.2349775731563568, "loss_mask": 0.10424131527543068, "loss_rpn_cls": 0.0016086670802906156, "loss_rpn_loc": 0.05041966773569584, "lr": 9.490525e-05, "mask_rcnn/accuracy": 0.962352519132653, "mask_rcnn/false_negative": 0.015560983797374826, "mask_rcnn/false_positive": 0.0755246757747899, "roi_head/num_bg_samples": 96.0, "roi_head/num_fg_samples": 32.0, "rpn/num_neg_anchors": 128.0, "rpn/num_pos_anchors": 128.0, "time": 1.6606229754997912, "total_loss": 0.6341289330739528}
{"data_time": 0.006909310000992264, "eta_seconds": 1803.6014628509292, "fast_rcnn/cls_accuracy": 0.916015625, "fast_rcnn/false_negative": 0.1171875, "fast_rcnn/fg_cls_accuracy": 0.703125, "iteration": 399, "loss_box_reg": 0.21665828675031662, "loss_cls": 0.2267809882760048, "loss_mask": 0.09723399206995964, "loss_rpn_cls": 0.0009765210852492601, "loss_rpn_loc": 0.050059206783771515, "lr": 9.990025e-05, "mask_rcnn/accuracy": 0.9626514668367347, "mask_rcnn/false_negative": 0.017703061704778228, "mask_rcnn/false_positive": 0.0724535057885627, "roi_head/num_bg_samples": 96.0, "roi_head/num_fg_samples": 32.0, "rpn/num_neg_anchors": 128.0, "rpn/num_pos_anchors": 128.0, "time": 1.618055919501785, "total_loss": 0.5743424274260178}
{"data_time": 0.00793754349979281, "eta_seconds": 1770.6276259198057, "fast_rcnn/cls_accuracy": 0.93359375, "fast_rcnn/false_negative": 0.109375, "fast_rcnn/fg_cls_accuracy": 0.7578125, "iteration": 419, "loss_box_reg": 0.19314946234226227, "loss_cls": 0.19804589450359344, "loss_mask": 0.09689493477344513, "loss_rpn_cls": 0.0018345717107877135, "loss_rpn_loc": 0.05124600790441036, "lr": 0.00010489525, "mask_rcnn/accuracy": 0.9630102040816326, "mask_rcnn/false_negative": 0.021287482189784403, "mask_rcnn/false_positive": 0.06406003577428009, "roi_head/num_bg_samples": 96.0, "roi_head/num_fg_samples": 32.0, "rpn/num_neg_anchors": 128.0, "rpn/num_pos_anchors": 128.0, "time": 1.6301023025007453, "total_loss": 0.5414362549490761}
{"data_time": 0.006700527999782935, "eta_seconds": 1738.3572814716536, "fast_rcnn/cls_accuracy": 0.91796875, "fast_rcnn/false_negative": 0.1171875, "fast_rcnn/fg_cls_accuracy": 0.71875, "iteration": 439, "loss_box_reg": 0.18261262029409409, "loss_cls": 0.1907494142651558, "loss_mask": 0.09263676777482033, "loss_rpn_cls": 0.0006016865954734385, "loss_rpn_loc": 0.04899473860859871, "lr": 0.00010989025, "mask_rcnn/accuracy": 0.9632393973214286, "mask_rcnn/false_negative": 0.01997886262164668, "mask_rcnn/false_positive": 0.06419750193380636, "roi_head/num_bg_samples": 96.0, "roi_head/num_fg_samples": 32.0, "rpn/num_neg_anchors": 128.0, "rpn/num_pos_anchors": 128.0, "time": 1.6589105445018504, "total_loss": 0.5240521107334644}
{"data_time": 0.006926215000930824, "eta_seconds": 1705.5580874816224, "fast_rcnn/cls_accuracy": 0.9375, "fast_rcnn/false_negative": 0.1015625, "fast_rcnn/fg_cls_accuracy": 0.796875, "iteration": 459, "loss_box_reg": 0.17538948357105255, "loss_cls": 0.18424837291240692, "loss_mask": 0.08809256553649902, "loss_rpn_cls": 0.000675442221108824, "loss_rpn_loc": 0.04617290012538433, "lr": 0.00011488525000000001, "mask_rcnn/accuracy": 0.9653021364795917, "mask_rcnn/false_negative": 0.020043568433209726, "mask_rcnn/false_positive": 0.05896940821660844, "roi_head/num_bg_samples": 96.0, "roi_head/num_fg_samples": 32.0, "rpn/num_neg_anchors": 128.0, "rpn/num_pos_anchors": 128.0, "time": 1.6431065939996188, "total_loss": 0.5000722222030163}
{"data_time": 0.007198584999059676, "eta_seconds": 1672.7588934915912, "fast_rcnn/cls_accuracy": 0.953125, "fast_rcnn/false_negative": 0.1015625, "fast_rcnn/fg_cls_accuracy": 0.84375, "iteration": 479, "loss_box_reg": 0.1718481108546257, "loss_cls": 0.14141284674406052, "loss_mask": 0.09156177192926407, "loss_rpn_cls": 0.0008762610668782145, "loss_rpn_loc": 0.04650917835533619, "lr": 0.00011988025, "mask_rcnn/accuracy": 0.9659797512755102, "mask_rcnn/false_negative": 0.021923822970172147, "mask_rcnn/false_positive": 0.05861298416207422, "roi_head/num_bg_samples": 96.0, "roi_head/num_fg_samples": 32.0, "rpn/num_neg_anchors": 128.0, "rpn/num_pos_anchors": 128.0, "time": 1.6526010825000412, "total_loss": 0.46361745402100496}
{"data_time": 0.006906508002430201, "eta_seconds": 1639.686177501062, "fast_rcnn/cls_accuracy": 0.95703125, "fast_rcnn/false_negative": 0.09375, "fast_rcnn/fg_cls_accuracy": 0.859375, "iteration": 499, "loss_box_reg": 0.16807285696268082, "loss_cls": 0.12452691420912743, "loss_mask": 0.08791853487491608, "loss_rpn_cls": 0.0002872189797926694, "loss_rpn_loc": 0.047487394884228706, "lr": 0.00012487525, "mask_rcnn/accuracy": 0.9644152582908163, "mask_rcnn/false_negative": 0.021730792314684985, "mask_rcnn/false_positive": 0.06180195248438133, "roi_head/num_bg_samples": 96.0, "roi_head/num_fg_samples": 32.0, "rpn/num_neg_anchors": 128.0, "rpn/num_pos_anchors": 128.0, "time": 1.5908459594993474, "total_loss": 0.4319701630756754}
{"data_time": 0.008527440002580988, "eta_seconds": 1606.8874010709987, "fast_rcnn/cls_accuracy": 0.94921875, "fast_rcnn/false_negative": 0.09375, "fast_rcnn/fg_cls_accuracy": 0.84375, "iteration": 519, "loss_box_reg": 0.17629428952932358, "loss_cls": 0.12794962525367737, "loss_mask": 0.09361240267753601, "loss_rpn_cls": 0.0007180513348430395, "loss_rpn_loc": 0.04890929162502289, "lr": 0.00012987025, "mask_rcnn/accuracy": 0.9626415019132653, "mask_rcnn/false_negative": 0.022248181214549356, "mask_rcnn/false_positive": 0.05721430976713037, "roi_head/num_bg_samples": 96.0, "roi_head/num_fg_samples": 32.0, "rpn/num_neg_anchors": 128.0, "rpn/num_pos_anchors": 128.0, "time": 1.6324449710009503, "total_loss": 0.45082252855354454}
{"data_time": 0.006997533499088604, "eta_seconds": 1573.8912230398273, "fast_rcnn/cls_accuracy": 0.9609375, "fast_rcnn/false_negative": 0.078125, "fast_rcnn/fg_cls_accuracy": 0.8828125, "iteration": 539, "loss_box_reg": 0.15211640298366547, "loss_cls": 0.1038072519004345, "loss_mask": 0.08791928365826607, "loss_rpn_cls": 0.0008949034672696143, "loss_rpn_loc": 0.04582769051194191, "lr": 0.00013486525000000002, "mask_rcnn/accuracy": 0.9641960299744898, "mask_rcnn/false_negative": 0.024652516946363324, "mask_rcnn/false_positive": 0.05642914665006871, "roi_head/num_bg_samples": 96.0, "roi_head/num_fg_samples": 32.0, "rpn/num_neg_anchors": 128.0, "rpn/num_pos_anchors": 128.0, "time": 1.5967888569994102, "total_loss": 0.3994968846309348}
{"data_time": 0.006733248001182801, "eta_seconds": 1541.101822559831, "fast_rcnn/cls_accuracy": 0.96484375, "fast_rcnn/false_negative": 0.078125, "fast_rcnn/fg_cls_accuracy": 0.8984375, "iteration": 559, "loss_box_reg": 0.1529432162642479, "loss_cls": 0.09661953896284103, "loss_mask": 0.08736348152160645, "loss_rpn_cls": 0.0004374087875476107, "loss_rpn_loc": 0.04704485088586807, "lr": 0.00013986025, "mask_rcnn/accuracy": 0.9640664859693877, "mask_rcnn/false_negative": 0.02447065163471524, "mask_rcnn/false_positive": 0.05441683763434068, "roi_head/num_bg_samples": 96.0, "roi_head/num_fg_samples": 32.0, "rpn/num_neg_anchors": 128.0, "rpn/num_pos_anchors": 128.0, "time": 1.646336859501389, "total_loss": 0.3832236184098292}
{"data_time": 0.006815184999140911, "eta_seconds": 1508.7629235414352, "fast_rcnn/cls_accuracy": 0.9609375, "fast_rcnn/false_negative": 0.0625, "fast_rcnn/fg_cls_accuracy": 0.890625, "iteration": 579, "loss_box_reg": 0.1639789566397667, "loss_cls": 0.10895681381225586, "loss_mask": 0.08419931307435036, "loss_rpn_cls": 0.0004942564119119197, "loss_rpn_loc": 0.04680920951068401, "lr": 0.00014485525, "mask_rcnn/accuracy": 0.9653519610969388, "mask_rcnn/false_negative": 0.021957643225738104, "mask_rcnn/false_positive": 0.056367904102917005, "roi_head/num_bg_samples": 96.0, "roi_head/num_fg_samples": 32.0, "rpn/num_neg_anchors": 128.0, "rpn/num_pos_anchors": 128.0, "time": 1.6633814934994007, "total_loss": 0.3930095695759519}
{"data_time": 0.007212200498543098, "eta_seconds": 1475.8741143010411, "fast_rcnn/cls_accuracy": 0.9609375, "fast_rcnn/false_negative": 0.0625, "fast_rcnn/fg_cls_accuracy": 0.890625, "iteration": 599, "loss_box_reg": 0.1578717827796936, "loss_cls": 0.10541816428303719, "loss_mask": 0.08717482909560204, "loss_rpn_cls": 0.0007584482664242387, "loss_rpn_loc": 0.04566168040037155, "lr": 0.00014985025, "mask_rcnn/accuracy": 0.9654715401785714, "mask_rcnn/false_negative": 0.02108337288843033, "mask_rcnn/false_positive": 0.05500550728239793, "roi_head/num_bg_samples": 96.0, "roi_head/num_fg_samples": 32.0, "rpn/num_neg_anchors": 128.0, "rpn/num_pos_anchors": 128.0, "time": 1.6365264055002626, "total_loss": 0.40363563560822513}
{"data_time": 0.006776068499675603, "eta_seconds": 1442.6177308386832, "fast_rcnn/cls_accuracy": 0.96484375, "fast_rcnn/false_negative": 0.0625, "fast_rcnn/fg_cls_accuracy": 0.8984375, "iteration": 619, "loss_box_reg": 0.1559731587767601, "loss_cls": 0.09766526892781258, "loss_mask": 0.08547234907746315, "loss_rpn_cls": 0.0004654492367990315, "loss_rpn_loc": 0.04657014459371567, "lr": 0.00015484525, "mask_rcnn/accuracy": 0.9656010841836735, "mask_rcnn/false_negative": 0.023890452056457498, "mask_rcnn/false_positive": 0.05426324184849765, "roi_head/num_bg_samples": 96.0, "roi_head/num_fg_samples": 32.0, "rpn/num_neg_anchors": 128.0, "rpn/num_pos_anchors": 128.0, "time": 1.5631781435004086, "total_loss": 0.39551241034132545}
{"data_time": 0.008958289998190594, "eta_seconds": 1410.2797092209948, "fast_rcnn/cls_accuracy": 0.974609375, "fast_rcnn/false_negative": 0.046875, "fast_rcnn/fg_cls_accuracy": 0.9375, "iteration": 639, "loss_box_reg": 0.1573929786682129, "loss_cls": 0.07931383699178696, "loss_mask": 0.08286843821406364, "loss_rpn_cls": 0.000289959367364645, "loss_rpn_loc": 0.04676724970340729, "lr": 0.00015984025, "mask_rcnn/accuracy": 0.965690768494898, "mask_rcnn/false_negative": 0.02381635744912121, "mask_rcnn/false_positive": 0.05344826395823686, "roi_head/num_bg_samples": 96.0, "roi_head/num_fg_samples": 32.0, "rpn/num_neg_anchors": 128.0, "rpn/num_pos_anchors": 128.0, "time": 1.6514057559998037, "total_loss": 0.3740908971449244}
{"data_time": 0.0068783380011154804, "eta_seconds": 1377.154820159849, "fast_rcnn/cls_accuracy": 0.9765625, "fast_rcnn/false_negative": 0.0625, "fast_rcnn/fg_cls_accuracy": 0.921875, "iteration": 659, "loss_box_reg": 0.15174075961112976, "loss_cls": 0.07880239933729172, "loss_mask": 0.0824044980108738, "loss_rpn_cls": 0.0003774958604481071, "loss_rpn_loc": 0.04400267452001572, "lr": 0.00016483525, "mask_rcnn/accuracy": 0.9667071906887754, "mask_rcnn/false_negative": 0.02329289980731128, "mask_rcnn/false_positive": 0.053331930788611835, "roi_head/num_bg_samples": 96.0, "roi_head/num_fg_samples": 32.0, "rpn/num_neg_anchors": 128.0, "rpn/num_pos_anchors": 128.0, "time": 1.5795214709978609, "total_loss": 0.35487554829887813}
{"data_time": 0.0067844839995814255, "eta_seconds": 1344.3654196798525, "fast_rcnn/cls_accuracy": 0.96875, "fast_rcnn/false_negative": 0.046875, "fast_rcnn/fg_cls_accuracy": 0.9296875, "iteration": 679, "loss_box_reg": 0.1635008528828621, "loss_cls": 0.0846378356218338, "loss_mask": 0.08191384375095367, "loss_rpn_cls": 0.00023938816593727097, "loss_rpn_loc": 0.04430358670651913, "lr": 0.00016983025000000002, "mask_rcnn/accuracy": 0.9659996811224489, "mask_rcnn/false_negative": 0.022990225741146637, "mask_rcnn/false_positive": 0.054105628115719624, "roi_head/num_bg_samples": 96.0, "roi_head/num_fg_samples": 32.0, "rpn/num_neg_anchors": 128.0, "rpn/num_pos_anchors": 128.0, "time": 1.6414525535001303, "total_loss": 0.3742539655722794}
{"data_time": 0.0076165145001141354, "eta_seconds": 1310.8145924008568, "fast_rcnn/cls_accuracy": 0.96875, "fast_rcnn/false_negative": 0.0546875, "fast_rcnn/fg_cls_accuracy": 0.921875, "iteration": 699, "loss_box_reg": 0.1639835461974144, "loss_cls": 0.08361993357539177, "loss_mask": 0.08578889816999435, "loss_rpn_cls": 0.00015819096006453037, "loss_rpn_loc": 0.04511927254498005, "lr": 0.00017482524999999998, "mask_rcnn/accuracy": 0.9650629783163265, "mask_rcnn/false_negative": 0.02456395628737274, "mask_rcnn/false_positive": 0.056969618844761205, "roi_head/num_bg_samples": 96.0, "roi_head/num_fg_samples": 32.0, "rpn/num_neg_anchors": 128.0, "rpn/num_pos_anchors": 128.0, "time": 1.594658669000637, "total_loss": 0.37380481701984536}
{"data_time": 0.006418582999685896, "eta_seconds": 1278.233137740899, "fast_rcnn/cls_accuracy": 0.9765625, "fast_rcnn/false_negative": 0.046875, "fast_rcnn/fg_cls_accuracy": 0.9375, "iteration": 719, "loss_box_reg": 0.179994098842144, "loss_cls": 0.07618927955627441, "loss_mask": 0.0852319598197937, "loss_rpn_cls": 0.00034377677366137505, "loss_rpn_loc": 0.04446296766400337, "lr": 0.00017982025, "mask_rcnn/accuracy": 0.9649433992346939, "mask_rcnn/false_negative": 0.023205502145946202, "mask_rcnn/false_positive": 0.05584927275802032, "roi_head/num_bg_samples": 96.0, "roi_head/num_fg_samples": 32.0, "rpn/num_neg_anchors": 128.0, "rpn/num_pos_anchors": 128.0, "time": 1.6560607105002418, "total_loss": 0.3838995553232962}
{"data_time": 0.0076427679996413644, "eta_seconds": 1245.7317266787868, "fast_rcnn/cls_accuracy": 0.974609375, "fast_rcnn/false_negative": 0.0625, "fast_rcnn/fg_cls_accuracy": 0.9375, "iteration": 739, "loss_box_reg": 0.17753206193447113, "loss_cls": 0.07927945628762245, "loss_mask": 0.08040647208690643, "loss_rpn_cls": 0.00030448059260379523, "loss_rpn_loc": 0.04239109344780445, "lr": 0.00018481525, "mask_rcnn/accuracy": 0.9668865593112245, "mask_rcnn/false_negative": 0.022712567181456242, "mask_rcnn/false_positive": 0.051267276998910184, "roi_head/num_bg_samples": 96.0, "roi_head/num_fg_samples": 32.0, "rpn/num_neg_anchors": 128.0, "rpn/num_pos_anchors": 128.0, "time": 1.6545985715001734, "total_loss": 0.3830929156538332}
{"data_time": 0.006679502001134097, "eta_seconds": 1213.1103645688927, "fast_rcnn/cls_accuracy": 0.9765625, "fast_rcnn/false_negative": 0.046875, "fast_rcnn/fg_cls_accuracy": 0.9375, "iteration": 759, "loss_box_reg": 0.1504378244280815, "loss_cls": 0.07583688199520111, "loss_mask": 0.08863608166575432, "loss_rpn_cls": 0.00036342429666547105, "loss_rpn_loc": 0.04669436439871788, "lr": 0.00018981025, "mask_rcnn/accuracy": 0.9629404496173469, "mask_rcnn/false_negative": 0.024986689740811516, "mask_rcnn/false_positive": 0.05684051015274083, "roi_head/num_bg_samples": 96.0, "roi_head/num_fg_samples": 32.0, "rpn/num_neg_anchors": 128.0, "rpn/num_pos_anchors": 128.0, "time": 1.648023790499792, "total_loss": 0.35604366986081004}
{"data_time": 0.0066200279998156475, "eta_seconds": 1180.1668989588507, "fast_rcnn/cls_accuracy": 0.974609375, "fast_rcnn/false_negative": 0.046875, "fast_rcnn/fg_cls_accuracy": 0.9375, "iteration": 779, "loss_box_reg": 0.14287470281124115, "loss_cls": 0.07076513767242432, "loss_mask": 0.08069522678852081, "loss_rpn_cls": 0.00024291290174005553, "loss_rpn_loc": 0.04323587566614151, "lr": 0.00019480525000000002, "mask_rcnn/accuracy": 0.9664680325255102, "mask_rcnn/false_negative": 0.02465446668661067, "mask_rcnn/false_positive": 0.0483098471719588, "roi_head/num_bg_samples": 96.0, "roi_head/num_fg_samples": 32.0, "rpn/num_neg_anchors": 128.0, "rpn/num_pos_anchors": 128.0, "time": 1.5797473894999712, "total_loss": 0.34291327423852636}
{"data_time": 0.007090416500432184, "eta_seconds": 1146.7166133494175, "fast_rcnn/cls_accuracy": 0.9765625, "fast_rcnn/false_negative": 0.046875, "fast_rcnn/fg_cls_accuracy": 0.9296875, "iteration": 799, "loss_box_reg": 0.13386976718902588, "loss_cls": 0.0764535404741764, "loss_mask": 0.08303304389119148, "loss_rpn_cls": 0.000175091226992663, "loss_rpn_loc": 0.04530390352010727, "lr": 0.00019980025, "mask_rcnn/accuracy": 0.9652423469387755, "mask_rcnn/false_negative": 0.024069727901935685, "mask_rcnn/false_positive": 0.04963616487166754, "roi_head/num_bg_samples": 96.0, "roi_head/num_fg_samples": 32.0, "rpn/num_neg_anchors": 128.0, "rpn/num_pos_anchors": 128.0, "time": 1.5940251160009211, "total_loss": 0.3405305822416267}
{"data_time": 0.006590711000171723, "eta_seconds": 1113.7142180193769, "fast_rcnn/cls_accuracy": 0.978515625, "fast_rcnn/false_negative": 0.046875, "fast_rcnn/fg_cls_accuracy": 0.9375, "iteration": 819, "loss_box_reg": 0.12714383751153946, "loss_cls": 0.063422417268157, "loss_mask": 0.08279435709118843, "loss_rpn_cls": 0.00019480033370200545, "loss_rpn_loc": 0.046029556542634964, "lr": 0.00020479525, "mask_rcnn/accuracy": 0.9653121014030612, "mask_rcnn/false_negative": 0.023249410756414023, "mask_rcnn/false_positive": 0.055963782630406494, "roi_head/num_bg_samples": 96.0, "roi_head/num_fg_samples": 32.0, "rpn/num_neg_anchors": 128.0, "rpn/num_pos_anchors": 128.0, "time": 1.6294440719993872, "total_loss": 0.32161900677965605}
{"data_time": 0.007278888999280753, "eta_seconds": 1080.9927433792109, "fast_rcnn/cls_accuracy": 0.97265625, "fast_rcnn/false_negative": 0.0625, "fast_rcnn/fg_cls_accuracy": 0.9375, "iteration": 839, "loss_box_reg": 0.14317744225263596, "loss_cls": 0.06712393090128899, "loss_mask": 0.08157787844538689, "loss_rpn_cls": 0.00045393315667752177, "loss_rpn_loc": 0.04589699022471905, "lr": 0.00020979024999999999, "mask_rcnn/accuracy": 0.9665577168367347, "mask_rcnn/false_negative": 0.024306140678070916, "mask_rcnn/false_positive": 0.052409701053090674, "roi_head/num_bg_samples": 96.0, "roi_head/num_fg_samples": 32.0, "rpn/num_neg_anchors": 128.0, "rpn/num_pos_anchors": 128.0, "time": 1.6391734560002078, "total_loss": 0.3376623310468858}
{"data_time": 0.007230002001961111, "eta_seconds": 1048.8066771207377, "fast_rcnn/cls_accuracy": 0.9765625, "fast_rcnn/false_negative": 0.0546875, "fast_rcnn/fg_cls_accuracy": 0.921875, "iteration": 859, "loss_box_reg": 0.1414489895105362, "loss_cls": 0.0696033388376236, "loss_mask": 0.0791250616312027, "loss_rpn_cls": 0.00021465186728164554, "loss_rpn_loc": 0.044821180403232574, "lr": 0.00021478524999999997, "mask_rcnn/accuracy": 0.9671456473214286, "mask_rcnn/false_negative": 0.02339864018138992, "mask_rcnn/false_positive": 0.04971636268426336, "roi_head/num_bg_samples": 96.0, "roi_head/num_fg_samples": 32.0, "rpn/num_neg_anchors": 128.0, "rpn/num_pos_anchors": 128.0, "time": 1.6512772904989106, "total_loss": 0.33440572598556173}
{"data_time": 0.006970798498514341, "eta_seconds": 1016.2548296590103, "fast_rcnn/cls_accuracy": 0.9765625, "fast_rcnn/false_negative": 0.046875, "fast_rcnn/fg_cls_accuracy": 0.9375, "iteration": 879, "loss_box_reg": 0.14225326478481293, "loss_cls": 0.06757484748959541, "loss_mask": 0.08114904537796974, "loss_rpn_cls": 0.0002850120945367962, "loss_rpn_loc": 0.04470019228756428, "lr": 0.00021978025000000002, "mask_rcnn/accuracy": 0.96533203125, "mask_rcnn/false_negative": 0.024033383161739457, "mask_rcnn/false_positive": 0.050650616323014194, "roi_head/num_bg_samples": 96.0, "roi_head/num_fg_samples": 32.0, "rpn/num_neg_anchors": 128.0, "rpn/num_pos_anchors": 128.0, "time": 1.6427003645021614, "total_loss": 0.32920370051579084}
{"data_time": 0.006226333000086015, "eta_seconds": 983.6029982991022, "fast_rcnn/cls_accuracy": 0.97265625, "fast_rcnn/false_negative": 0.046875, "fast_rcnn/fg_cls_accuracy": 0.9375, "iteration": 899, "loss_box_reg": 0.1504097729921341, "loss_cls": 0.06649764999747276, "loss_mask": 0.08179474994540215, "loss_rpn_cls": 0.0005839918158017099, "loss_rpn_loc": 0.04439196363091469, "lr": 0.00022477525, "mask_rcnn/accuracy": 0.9656210140306123, "mask_rcnn/false_negative": 0.024328677417116334, "mask_rcnn/false_positive": 0.05020253750818525, "roi_head/num_bg_samples": 96.0, "roi_head/num_fg_samples": 32.0, "rpn/num_neg_anchors": 128.0, "rpn/num_pos_anchors": 128.0, "time": 1.6577424424995115, "total_loss": 0.34957286532153375}
{"data_time": 0.0067253809993417235, "eta_seconds": 950.1577878493481, "fast_rcnn/cls_accuracy": 0.9765625, "fast_rcnn/false_negative": 0.046875, "fast_rcnn/fg_cls_accuracy": 0.953125, "iteration": 919, "loss_box_reg": 0.13503234833478928, "loss_cls": 0.06036356836557388, "loss_mask": 0.07567891106009483, "loss_rpn_cls": 0.00033768839784897864, "loss_rpn_loc": 0.04512994550168514, "lr": 0.00022977025000000002, "mask_rcnn/accuracy": 0.9685905612244898, "mask_rcnn/false_negative": 0.02247286356225746, "mask_rcnn/false_positive": 0.04845036299289217, "roi_head/num_bg_samples": 96.0, "roi_head/num_fg_samples": 32.0, "rpn/num_neg_anchors": 128.0, "rpn/num_pos_anchors": 128.0, "time": 1.5624860064999666, "total_loss": 0.3274003109836485}
{"data_time": 0.0075804375010193326, "eta_seconds": 917.3937261993706, "fast_rcnn/cls_accuracy": 0.978515625, "fast_rcnn/false_negative": 0.046875, "fast_rcnn/fg_cls_accuracy": 0.9375, "iteration": 939, "loss_box_reg": 0.13680994510650635, "loss_cls": 0.05979359336197376, "loss_mask": 0.08175330236554146, "loss_rpn_cls": 0.0004312791133997962, "loss_rpn_loc": 0.04304635152220726, "lr": 0.00023476524999999998, "mask_rcnn/accuracy": 0.9655014349489797, "mask_rcnn/false_negative": 0.024279350903603857, "mask_rcnn/false_positive": 0.05172758651147569, "roi_head/num_bg_samples": 96.0, "roi_head/num_fg_samples": 32.0, "rpn/num_neg_anchors": 128.0, "rpn/num_pos_anchors": 128.0, "time": 1.6493257804977475, "total_loss": 0.32445477023429703}
{"data_time": 0.007124529000066104, "eta_seconds": 884.629664549393, "fast_rcnn/cls_accuracy": 0.9765625, "fast_rcnn/false_negative": 0.046875, "fast_rcnn/fg_cls_accuracy": 0.9375, "iteration": 959, "loss_box_reg": 0.1389484480023384, "loss_cls": 0.06497079133987427, "loss_mask": 0.07797128334641457, "loss_rpn_cls": 0.0002843422698788345, "loss_rpn_loc": 0.041324276477098465, "lr": 0.00023976025, "mask_rcnn/accuracy": 0.9660196109693877, "mask_rcnn/false_negative": 0.023605779253809613, "mask_rcnn/false_positive": 0.049235820593566126, "roi_head/num_bg_samples": 96.0, "roi_head/num_fg_samples": 32.0, "rpn/num_neg_anchors": 128.0, "rpn/num_pos_anchors": 128.0, "time": 1.6400499070023216, "total_loss": 0.31974434770381777}
{"data_time": 0.006684498499453184, "eta_seconds": 851.6494121196592, "fast_rcnn/cls_accuracy": 0.98046875, "fast_rcnn/false_negative": 0.046875, "fast_rcnn/fg_cls_accuracy": 0.9375, "iteration": 979, "loss_box_reg": 0.13494381308555603, "loss_cls": 0.05606398545205593, "loss_mask": 0.07838640362024307, "loss_rpn_cls": 0.00045890412002336234, "loss_rpn_loc": 0.04244063049554825, "lr": 0.00024475525, "mask_rcnn/accuracy": 0.9668168048469388, "mask_rcnn/false_negative": 0.02511070367232645, "mask_rcnn/false_positive": 0.051337669252831994, "roi_head/num_bg_samples": 96.0, "roi_head/num_fg_samples": 32.0, "rpn/num_neg_anchors": 128.0, "rpn/num_pos_anchors": 128.0, "time": 1.5857380100005685, "total_loss": 0.3201749540239689}
{"data_time": 0.006717342001138604, "eta_seconds": 818.7660570001754, "fast_rcnn/cls_accuracy": 0.978515625, "fast_rcnn/false_negative": 0.046875, "fast_rcnn/fg_cls_accuracy": 0.9375, "iteration": 999, "loss_box_reg": 0.12739729136228561, "loss_cls": 0.05880808271467686, "loss_mask": 0.07803162932395935, "loss_rpn_cls": 0.0004068286216352135, "loss_rpn_loc": 0.04241753742098808, "lr": 0.00024975025, "mask_rcnn/accuracy": 0.9670958227040816, "mask_rcnn/false_negative": 0.022869530938689518, "mask_rcnn/false_positive": 0.04955931382456824, "roi_head/num_bg_samples": 96.0, "roi_head/num_fg_samples": 32.0, "rpn/num_neg_anchors": 128.0, "rpn/num_pos_anchors": 128.0, "time": 1.629594084499331, "total_loss": 0.3050927170079376}
{"data_time": 0.0075019144987891195, "eta_seconds": 786.1765406394261, "fast_rcnn/cls_accuracy": 0.98046875, "fast_rcnn/false_negative": 0.0390625, "fast_rcnn/fg_cls_accuracy": 0.9453125, "iteration": 1019, "loss_box_reg": 0.13103120774030685, "loss_cls": 0.05965004861354828, "loss_mask": 0.07902461290359497, "loss_rpn_cls": 0.0004105066182091832, "loss_rpn_loc": 0.041345201432704926, "lr": 0.00025, "mask_rcnn/accuracy": 0.9658701371173469, "mask_rcnn/false_negative": 0.024286967366842716, "mask_rcnn/false_positive": 0.04971140879270998, "roi_head/num_bg_samples": 96.0, "roi_head/num_fg_samples": 32.0, "rpn/num_neg_anchors": 128.0, "rpn/num_pos_anchors": 128.0, "time": 1.6368517689988948, "total_loss": 0.3110115435993066}
{"data_time": 0.009326756500740885, "eta_seconds": 753.9955187792657, "fast_rcnn/cls_accuracy": 0.98046875, "fast_rcnn/false_negative": 0.03125, "fast_rcnn/fg_cls_accuracy": 0.953125, "iteration": 1039, "loss_box_reg": 0.13854321837425232, "loss_cls": 0.04914345033466816, "loss_mask": 0.07405909150838852, "loss_rpn_cls": 0.0002712351270020008, "loss_rpn_loc": 0.04043666087090969, "lr": 0.00025, "mask_rcnn/accuracy": 0.9687599649234694, "mask_rcnn/false_negative": 0.02343529635569331, "mask_rcnn/false_positive": 0.04822464282078179, "roi_head/num_bg_samples": 96.0, "roi_head/num_fg_samples": 32.0, "rpn/num_neg_anchors": 128.0, "rpn/num_pos_anchors": 128.0, "time": 1.6559435649996885, "total_loss": 0.3058668234734796}
{"data_time": 0.00669420400117815, "eta_seconds": 721.3282174999767, "fast_rcnn/cls_accuracy": 0.978515625, "fast_rcnn/false_negative": 0.046875, "fast_rcnn/fg_cls_accuracy": 0.9453125, "iteration": 1059, "loss_box_reg": 0.13635078072547913, "loss_cls": 0.05996498465538025, "loss_mask": 0.0805630125105381, "loss_rpn_cls": 0.0004609942261595279, "loss_rpn_loc": 0.04283156432211399, "lr": 0.00025, "mask_rcnn/accuracy": 0.9656010841836735, "mask_rcnn/false_negative": 0.023975617260199596, "mask_rcnn/false_positive": 0.049371961622952425, "roi_head/num_bg_samples": 96.0, "roi_head/num_fg_samples": 32.0, "rpn/num_neg_anchors": 128.0, "rpn/num_pos_anchors": 128.0, "time": 1.6632270254995092, "total_loss": 0.3260946583468467}
{"data_time": 0.006781309499274357, "eta_seconds": 688.2793818604841, "fast_rcnn/cls_accuracy": 0.98046875, "fast_rcnn/false_negative": 0.046875, "fast_rcnn/fg_cls_accuracy": 0.953125, "iteration": 1079, "loss_box_reg": 0.12103509530425072, "loss_cls": 0.05706925876438618, "loss_mask": 0.07688169926404953, "loss_rpn_cls": 0.00026512370095588267, "loss_rpn_loc": 0.04130720905959606, "lr": 0.00025, "mask_rcnn/accuracy": 0.967055963010204, "mask_rcnn/false_negative": 0.023938651634847024, "mask_rcnn/false_positive": 0.04712378053320635, "roi_head/num_bg_samples": 96.0, "roi_head/num_fg_samples": 32.0, "rpn/num_neg_anchors": 128.0, "rpn/num_pos_anchors": 128.0, "time": 1.6119762960024673, "total_loss": 0.29525672805903014}
{"data_time": 0.006698827501168125, "eta_seconds": 655.6482771993615, "fast_rcnn/cls_accuracy": 0.98046875, "fast_rcnn/false_negative": 0.046875, "fast_rcnn/fg_cls_accuracy": 0.9453125, "iteration": 1099, "loss_box_reg": 0.11758771911263466, "loss_cls": 0.055861715227365494, "loss_mask": 0.07884348928928375, "loss_rpn_cls": 0.0003224372339900583, "loss_rpn_loc": 0.04240259900689125, "lr": 0.00025, "mask_rcnn/accuracy": 0.9662986288265305, "mask_rcnn/false_negative": 0.024100197387022942, "mask_rcnn/false_positive": 0.05034010953223064, "roi_head/num_bg_samples": 96.0, "roi_head/num_fg_samples": 32.0, "rpn/num_neg_anchors": 128.0, "rpn/num_pos_anchors": 128.0, "time": 1.6368318049990194, "total_loss": 0.29463511100038886}
{"data_time": 0.006330350001007901, "eta_seconds": 622.2622033201333, "fast_rcnn/cls_accuracy": 0.98046875, "fast_rcnn/false_negative": 0.0390625, "fast_rcnn/fg_cls_accuracy": 0.953125, "iteration": 1119, "loss_box_reg": 0.1342737078666687, "loss_cls": 0.05380946397781372, "loss_mask": 0.07820670679211617, "loss_rpn_cls": 0.0002941427374025807, "loss_rpn_loc": 0.04269547201693058, "lr": 0.00025, "mask_rcnn/accuracy": 0.9673349808673469, "mask_rcnn/false_negative": 0.02539432424313754, "mask_rcnn/false_positive": 0.04704283944792524, "roi_head/num_bg_samples": 96.0, "roi_head/num_fg_samples": 32.0, "rpn/num_neg_anchors": 128.0, "rpn/num_pos_anchors": 128.0, "time": 1.5734770469989598, "total_loss": 0.3060904467238288}
{"data_time": 0.006765489997633267, "eta_seconds": 589.5115610401263, "fast_rcnn/cls_accuracy": 0.984375, "fast_rcnn/false_negative": 0.03125, "fast_rcnn/fg_cls_accuracy": 0.9609375, "iteration": 1139, "loss_box_reg": 0.1234043575823307, "loss_cls": 0.04901941120624542, "loss_mask": 0.07564010471105576, "loss_rpn_cls": 0.0006020425062160939, "loss_rpn_loc": 0.04159580171108246, "lr": 0.00025, "mask_rcnn/accuracy": 0.9676538584183674, "mask_rcnn/false_negative": 0.023155101266099536, "mask_rcnn/false_positive": 0.050603635405768774, "roi_head/num_bg_samples": 96.0, "roi_head/num_fg_samples": 32.0, "rpn/num_neg_anchors": 128.0, "rpn/num_pos_anchors": 128.0, "time": 1.6378613699998823, "total_loss": 0.2937555565004004}
{"data_time": 0.00821874949906487, "eta_seconds": 557.0962017703641, "fast_rcnn/cls_accuracy": 0.984375, "fast_rcnn/false_negative": 0.03125, "fast_rcnn/fg_cls_accuracy": 0.953125, "iteration": 1159, "loss_box_reg": 0.11469578370451927, "loss_cls": 0.05156255327165127, "loss_mask": 0.07920447364449501, "loss_rpn_cls": 0.0003182221407769248, "loss_rpn_loc": 0.039994724094867706, "lr": 0.00025, "mask_rcnn/accuracy": 0.9663285235969388, "mask_rcnn/false_negative": 0.024075316386750235, "mask_rcnn/false_positive": 0.04761189646024111, "roi_head/num_bg_samples": 96.0, "roi_head/num_fg_samples": 32.0, "rpn/num_neg_anchors": 128.0, "rpn/num_pos_anchors": 128.0, "time": 1.6662634615004208, "total_loss": 0.2770423551337444}
{"data_time": 0.007175184498919407, "eta_seconds": 524.1124859196134, "fast_rcnn/cls_accuracy": 0.982421875, "fast_rcnn/false_negative": 0.046875, "fast_rcnn/fg_cls_accuracy": 0.953125, "iteration": 1179, "loss_box_reg": 0.12579402327537537, "loss_cls": 0.050067776814103127, "loss_mask": 0.07742784544825554, "loss_rpn_cls": 0.00034657820651773363, "loss_rpn_loc": 0.03974352777004242, "lr": 0.00025, "mask_rcnn/accuracy": 0.967514349489796, "mask_rcnn/false_negative": 0.023179977256525423, "mask_rcnn/false_positive": 0.048045465655627756, "roi_head/num_bg_samples": 96.0, "roi_head/num_fg_samples": 32.0, "rpn/num_neg_anchors": 128.0, "rpn/num_pos_anchors": 128.0, "time": 1.6166235950004193, "total_loss": 0.2874620228612912}
{"data_time": 0.006501087000287953, "eta_seconds": 491.45102279981074, "fast_rcnn/cls_accuracy": 0.9765625, "fast_rcnn/false_negative": 0.046875, "fast_rcnn/fg_cls_accuracy": 0.9453125, "iteration": 1199, "loss_box_reg": 0.12614668905735016, "loss_cls": 0.05151888355612755, "loss_mask": 0.07972051948308945, "loss_rpn_cls": 0.00029695022385567427, "loss_rpn_loc": 0.04065694101154804, "lr": 0.00025, "mask_rcnn/accuracy": 0.9667669802295917, "mask_rcnn/false_negative": 0.024180150923801817, "mask_rcnn/false_positive": 0.050518861954451814, "roi_head/num_bg_samples": 96.0, "roi_head/num_fg_samples": 32.0, "rpn/num_neg_anchors": 128.0, "rpn/num_pos_anchors": 128.0, "time": 1.6589474659995176, "total_loss": 0.2944883330274024}
{"data_time": 0.007190336000348907, "eta_seconds": 459.0639216803538, "fast_rcnn/cls_accuracy": 0.978515625, "fast_rcnn/false_negative": 0.046875, "fast_rcnn/fg_cls_accuracy": 0.9375, "iteration": 1219, "loss_box_reg": 0.1231643445789814, "loss_cls": 0.0600229874253273, "loss_mask": 0.07653546333312988, "loss_rpn_cls": 0.0003215323813492432, "loss_rpn_loc": 0.03971760906279087, "lr": 0.00025, "mask_rcnn/accuracy": 0.9672253667091837, "mask_rcnn/false_negative": 0.024564742257322705, "mask_rcnn/false_positive": 0.047064577869341956, "roi_head/num_bg_samples": 96.0, "roi_head/num_fg_samples": 32.0, "rpn/num_neg_anchors": 128.0, "rpn/num_pos_anchors": 128.0, "time": 1.6582312775008177, "total_loss": 0.3176852925098501}
{"data_time": 0.006375582999680773, "eta_seconds": 426.3622924602896, "fast_rcnn/cls_accuracy": 0.984375, "fast_rcnn/false_negative": 0.03125, "fast_rcnn/fg_cls_accuracy": 0.96875, "iteration": 1239, "loss_box_reg": 0.12532338500022888, "loss_cls": 0.048965608701109886, "loss_mask": 0.07718651741743088, "loss_rpn_cls": 0.0002802731905831024, "loss_rpn_loc": 0.038830116391181946, "lr": 0.00025, "mask_rcnn/accuracy": 0.9668566645408163, "mask_rcnn/false_negative": 0.024145319204569235, "mask_rcnn/false_positive": 0.047676136580523304, "roi_head/num_bg_samples": 96.0, "roi_head/num_fg_samples": 32.0, "rpn/num_neg_anchors": 128.0, "rpn/num_pos_anchors": 128.0, "time": 1.6327718510001432, "total_loss": 0.28168393945816206}
{"data_time": 0.007476324999515782, "eta_seconds": 393.56519304026733, "fast_rcnn/cls_accuracy": 0.984375, "fast_rcnn/false_negative": 0.0390625, "fast_rcnn/fg_cls_accuracy": 0.953125, "iteration": 1259, "loss_box_reg": 0.1258951649069786, "loss_cls": 0.05083649605512619, "loss_mask": 0.076665498316288, "loss_rpn_cls": 0.0003864108584821224, "loss_rpn_loc": 0.040864426642656326, "lr": 0.00025, "mask_rcnn/accuracy": 0.9676737882653061, "mask_rcnn/false_negative": 0.023240494119142002, "mask_rcnn/false_positive": 0.048994753603783234, "roi_head/num_bg_samples": 96.0, "roi_head/num_fg_samples": 32.0, "rpn/num_neg_anchors": 128.0, "rpn/num_pos_anchors": 128.0, "time": 1.6368919409997034, "total_loss": 0.29705671036208514}
{"data_time": 0.006489738498203224, "eta_seconds": 360.7298247302242, "fast_rcnn/cls_accuracy": 0.98046875, "fast_rcnn/false_negative": 0.03125, "fast_rcnn/fg_cls_accuracy": 0.953125, "iteration": 1279, "loss_box_reg": 0.12094387412071228, "loss_cls": 0.04721725173294544, "loss_mask": 0.0763186551630497, "loss_rpn_cls": 0.00026528337912168354, "loss_rpn_loc": 0.03969188034534454, "lr": 0.00025, "mask_rcnn/accuracy": 0.9670559630102041, "mask_rcnn/false_negative": 0.02471409430094803, "mask_rcnn/false_positive": 0.049237333076815215, "roi_head/num_bg_samples": 96.0, "roi_head/num_fg_samples": 32.0, "rpn/num_neg_anchors": 128.0, "rpn/num_pos_anchors": 128.0, "time": 1.6345754750000197, "total_loss": 0.28806364779302385}
{"data_time": 0.006894325999383, "eta_seconds": 327.5862791997497, "fast_rcnn/cls_accuracy": 0.984375, "fast_rcnn/false_negative": 0.03125, "fast_rcnn/fg_cls_accuracy": 0.96875, "iteration": 1299, "loss_box_reg": 0.11800947040319443, "loss_cls": 0.04548884928226471, "loss_mask": 0.07646212354302406, "loss_rpn_cls": 0.00024776051577646285, "loss_rpn_loc": 0.03875354491174221, "lr": 0.00025, "mask_rcnn/accuracy": 0.9664580676020408, "mask_rcnn/false_negative": 0.023666535747646135, "mask_rcnn/false_positive": 0.04591700069209206, "roi_head/num_bg_samples": 96.0, "roi_head/num_fg_samples": 32.0, "rpn/num_neg_anchors": 128.0, "rpn/num_pos_anchors": 128.0, "time": 1.6155732690003788, "total_loss": 0.28039087758224923}
{"data_time": 0.011284128500847146, "eta_seconds": 294.81327332978253, "fast_rcnn/cls_accuracy": 0.98046875, "fast_rcnn/false_negative": 0.046875, "fast_rcnn/fg_cls_accuracy": 0.953125, "iteration": 1319, "loss_box_reg": 0.12065347284078598, "loss_cls": 0.053039683029055595, "loss_mask": 0.07808856666088104, "loss_rpn_cls": 0.0002736457681749016, "loss_rpn_loc": 0.04133721627295017, "lr": 0.00025, "mask_rcnn/accuracy": 0.967026068239796, "mask_rcnn/false_negative": 0.02361201531023203, "mask_rcnn/false_positive": 0.04858248639124005, "roi_head/num_bg_samples": 96.0, "roi_head/num_fg_samples": 32.0, "rpn/num_neg_anchors": 128.0, "rpn/num_pos_anchors": 128.0, "time": 1.627451292000842, "total_loss": 0.28913308642222546}
{"data_time": 0.00692265150246385, "eta_seconds": 262.2796615201514, "fast_rcnn/cls_accuracy": 0.98046875, "fast_rcnn/false_negative": 0.03125, "fast_rcnn/fg_cls_accuracy": 0.9609375, "iteration": 1339, "loss_box_reg": 0.11989674344658852, "loss_cls": 0.05229329876601696, "loss_mask": 0.07897929102182388, "loss_rpn_cls": 0.00031637796200811863, "loss_rpn_loc": 0.04296604543924332, "lr": 0.00025, "mask_rcnn/accuracy": 0.9663285235969388, "mask_rcnn/false_negative": 0.024759131245926196, "mask_rcnn/false_positive": 0.045641966247691144, "roi_head/num_bg_samples": 96.0, "roi_head/num_fg_samples": 32.0, "rpn/num_neg_anchors": 128.0, "rpn/num_pos_anchors": 128.0, "time": 1.6734031009982573, "total_loss": 0.3051725626573898}
{"data_time": 0.009774296000614413, "eta_seconds": 229.26030519014603, "fast_rcnn/cls_accuracy": 0.984375, "fast_rcnn/false_negative": 0.0390625, "fast_rcnn/fg_cls_accuracy": 0.9609375, "iteration": 1359, "loss_box_reg": 0.11752863600850105, "loss_cls": 0.041804518550634384, "loss_mask": 0.07546961307525635, "loss_rpn_cls": 0.0003528660745359957, "loss_rpn_loc": 0.03928583487868309, "lr": 0.00025, "mask_rcnn/accuracy": 0.9674545599489797, "mask_rcnn/false_negative": 0.023820200102176677, "mask_rcnn/false_positive": 0.049598774306457774, "roi_head/num_bg_samples": 96.0, "roi_head/num_fg_samples": 32.0, "rpn/num_neg_anchors": 128.0, "rpn/num_pos_anchors": 128.0, "time": 1.6180632280011196, "total_loss": 0.27563758273026906}
{"data_time": 0.006712563998007681, "eta_seconds": 196.47957750021305, "fast_rcnn/cls_accuracy": 0.984375, "fast_rcnn/false_negative": 0.03125, "fast_rcnn/fg_cls_accuracy": 0.9609375, "iteration": 1379, "loss_box_reg": 0.12205297499895096, "loss_cls": 0.0441853404045105, "loss_mask": 0.07481854408979416, "loss_rpn_cls": 0.00038140460674185306, "loss_rpn_loc": 0.037334900349378586, "lr": 0.00025, "mask_rcnn/accuracy": 0.9679428411989797, "mask_rcnn/false_negative": 0.024152038590786074, "mask_rcnn/false_positive": 0.04918774332237427, "roi_head/num_bg_samples": 96.0, "roi_head/num_fg_samples": 32.0, "rpn/num_neg_anchors": 128.0, "rpn/num_pos_anchors": 128.0, "time": 1.6259198655006912, "total_loss": 0.2885404939443106}
{"data_time": 0.008077600999968126, "eta_seconds": 163.78400974990655, "fast_rcnn/cls_accuracy": 0.98046875, "fast_rcnn/false_negative": 0.046875, "fast_rcnn/fg_cls_accuracy": 0.953125, "iteration": 1399, "loss_box_reg": 0.11983555555343628, "loss_cls": 0.04882274754345417, "loss_mask": 0.07915592193603516, "loss_rpn_cls": 0.000260230983258225, "loss_rpn_loc": 0.03905634395778179, "lr": 0.00025, "mask_rcnn/accuracy": 0.9662288743622449, "mask_rcnn/false_negative": 0.02358919638516173, "mask_rcnn/false_positive": 0.04976769860796877, "roi_head/num_bg_samples": 96.0, "roi_head/num_fg_samples": 32.0, "rpn/num_neg_anchors": 128.0, "rpn/num_pos_anchors": 128.0, "time": 1.6468026985003235, "total_loss": 0.2921788832609309}
{"data_time": 0.007433712498823297, "eta_seconds": 131.00588868008344, "fast_rcnn/cls_accuracy": 0.9765625, "fast_rcnn/false_negative": 0.046875, "fast_rcnn/fg_cls_accuracy": 0.9375, "iteration": 1419, "loss_box_reg": 0.1154467910528183, "loss_cls": 0.0509555097669363, "loss_mask": 0.07947707548737526, "loss_rpn_cls": 0.00022413229453377426, "loss_rpn_loc": 0.039469219744205475, "lr": 0.00025, "mask_rcnn/accuracy": 0.9661989795918366, "mask_rcnn/false_negative": 0.02484925667776518, "mask_rcnn/false_positive": 0.04917799443931035, "roi_head/num_bg_samples": 96.0, "roi_head/num_fg_samples": 32.0, "rpn/num_neg_anchors": 128.0, "rpn/num_pos_anchors": 128.0, "time": 1.5898266389995115, "total_loss": 0.28963999418192543}
{"data_time": 0.00743983549909899, "eta_seconds": 98.2918312199763, "fast_rcnn/cls_accuracy": 0.98046875, "fast_rcnn/false_negative": 0.03125, "fast_rcnn/fg_cls_accuracy": 0.953125, "iteration": 1439, "loss_box_reg": 0.11407715454697609, "loss_cls": 0.04651513881981373, "loss_mask": 0.0747392401099205, "loss_rpn_cls": 0.0002571179938968271, "loss_rpn_loc": 0.03999767452478409, "lr": 0.00025, "mask_rcnn/accuracy": 0.9679926658163265, "mask_rcnn/false_negative": 0.02535438559867599, "mask_rcnn/false_positive": 0.043530313538168955, "roi_head/num_bg_samples": 96.0, "roi_head/num_fg_samples": 32.0, "rpn/num_neg_anchors": 128.0, "rpn/num_pos_anchors": 128.0, "time": 1.654254940998726, "total_loss": 0.2807663074854645}
{"data_time": 0.006646047002504929, "eta_seconds": 65.50551184001961, "fast_rcnn/cls_accuracy": 0.982421875, "fast_rcnn/false_negative": 0.03125, "fast_rcnn/fg_cls_accuracy": 0.9609375, "iteration": 1459, "loss_box_reg": 0.11340967938303947, "loss_cls": 0.04675092548131943, "loss_mask": 0.07447989284992218, "loss_rpn_cls": 0.00035219130222685635, "loss_rpn_loc": 0.040311481803655624, "lr": 0.00025, "mask_rcnn/accuracy": 0.9684211575255102, "mask_rcnn/false_negative": 0.024017179453641516, "mask_rcnn/false_positive": 0.04706601463410463, "roi_head/num_bg_samples": 96.0, "roi_head/num_fg_samples": 32.0, "rpn/num_neg_anchors": 128.0, "rpn/num_pos_anchors": 128.0, "time": 1.5983677949989215, "total_loss": 0.27147370112652425}
{"data_time": 0.007039967998935026, "eta_seconds": 32.7639437399921, "fast_rcnn/cls_accuracy": 0.982421875, "fast_rcnn/false_negative": 0.03125, "fast_rcnn/fg_cls_accuracy": 0.96875, "iteration": 1479, "loss_box_reg": 0.109501913189888, "loss_cls": 0.04519844055175781, "loss_mask": 0.07411215826869011, "loss_rpn_cls": 0.0003583451616577804, "loss_rpn_loc": 0.04159126244485378, "lr": 0.00025, "mask_rcnn/accuracy": 0.9681222098214286, "mask_rcnn/false_negative": 0.024110756694000077, "mask_rcnn/false_positive": 0.04579118007836035, "roi_head/num_bg_samples": 96.0, "roi_head/num_fg_samples": 32.0, "rpn/num_neg_anchors": 128.0, "rpn/num_pos_anchors": 128.0, "time": 1.654175308500271, "total_loss": 0.2725605427112896}
{"data_time": 0.006905690501298523, "eta_seconds": 0.0, "fast_rcnn/cls_accuracy": 0.98828125, "fast_rcnn/false_negative": 0.03125, "fast_rcnn/fg_cls_accuracy": 0.96875, "iteration": 1499, "loss_box_reg": 0.11359423771500587, "loss_cls": 0.0423712395131588, "loss_mask": 0.07672521471977234, "loss_rpn_cls": 0.00040693889604881406, "loss_rpn_loc": 0.041437478736042976, "lr": 0.00025, "mask_rcnn/accuracy": 0.9673748405612245, "mask_rcnn/false_negative": 0.025631174725053406, "mask_rcnn/false_positive": 0.04723032198532065, "roi_head/num_bg_samples": 96.0, "roi_head/num_fg_samples": 32.0, "rpn/num_neg_anchors": 128.0, "rpn/num_pos_anchors": 128.0, "time": 1.621302621999348, "total_loss": 0.2687005466868868}
