{"data_time": 0.5501439620001065, "eta_seconds": 1111.954052020437, "fast_rcnn/cls_accuracy": 0.474609375, "fast_rcnn/false_negative": 0.390625, "fast_rcnn/fg_cls_accuracy": 0.28125, "iteration": 19, "loss_box_reg": 0.6613568961620331, "loss_cls": 1.2860528826713562, "loss_mask": 0.6908515095710754, "loss_rpn_cls": 0.03443695791065693, "loss_rpn_loc": 0.06037816032767296, "lr": 4.99525e-06, "mask_rcnn/accuracy": 0.4452726403061224, "mask_rcnn/false_negative": 0.6219247203852225, "mask_rcnn/false_positive": 0.33424208334690175, "roi_head/num_bg_samples": 96.0, "roi_head/num_fg_samples": 32.0, "rpn/num_neg_anchors": 128.0, "rpn/num_pos_anchors": 128.0, "time": 0.9415360304999467, "total_loss": 2.7574378475546837}
{"data_time": 0.5794026969999777, "eta_seconds": 1110.9158183701607, "fast_rcnn/cls_accuracy": 0.671875, "fast_rcnn/false_negative": 0.65625, "fast_rcnn/fg_cls_accuracy": 0.15625, "iteration": 39, "loss_box_reg": 0.6992376744747162, "loss_cls": 1.1814935207366943, "loss_mask": 0.6792002022266388, "loss_rpn_cls": 0.028467434458434582, "loss_rpn_loc": 0.0544168446213007, "lr": 9.99025e-06, "mask_rcnn/accuracy": 0.9227419483418366, "mask_rcnn/false_negative": 0.03861671671546589, "mask_rcnn/false_positive": 0.1461199431175429, "roi_head/num_bg_samples": 96.0, "roi_head/num_fg_samples": 32.0, "rpn/num_neg_anchors": 128.0, "rpn/num_pos_anchors": 128.0, "time": 0.9568611700001384, "total_loss": 2.643954984843731}
{"data_time": 0.5387507535000395, "eta_seconds": 1073.5179077418288, "fast_rcnn/cls_accuracy": 0.744140625, "fast_rcnn/false_negative": 0.9765625, "fast_rcnn/fg_cls_accuracy": 0.0078125, "iteration": 59, "loss_box_reg": 0.71830615401268, "loss_cls": 1.0020004212856293, "loss_mask": 0.6504308879375458, "loss_rpn_cls": 0.01493802759796381, "loss_rpn_loc": 0.05474076792597771, "lr": 1.4985249999999999e-05, "mask_rcnn/accuracy": 0.9145308514030612, "mask_rcnn/false_negative": 0.035859186360222256, "mask_rcnn/false_positive": 0.1712112367949366, "roi_head/num_bg_samples": 96.0, "roi_head/num_fg_samples": 32.0, "rpn/num_neg_anchors": 128.0, "rpn/num_pos_anchors": 128.0, "time": 0.9072034595000105, "total_loss": 2.4314847136847675}
{"data_time": 0.5771967924999899, "eta_seconds": 1070.8709224620834, "fast_rcnn/cls_accuracy": 0.75, "fast_rcnn/false_negative": 1.0, "fast_rcnn/fg_cls_accuracy": 0.0, "iteration": 79, "loss_box_reg": 0.673282265663147, "loss_cls": 0.8420129716396332, "loss_mask": 0.6088864505290985, "loss_rpn_cls": 0.014406489674001932, "loss_rpn_loc": 0.051086924970149994, "lr": 1.9980250000000002e-05, "mask_rcnn/accuracy": 0.9296177455357143, "mask_rcnn/false_negative": 0.0041306211344161806, "mask_rcnn/false_positive": 0.17419368387810447, "roi_head/num_bg_samples": 96.0, "roi_head/num_fg_samples": 32.0, "rpn/num_neg_anchors": 128.0, "rpn/num_pos_anchors": 128.0, "time": 0.9624729150000348, "total_loss": 2.2037115800194442}
{"data_time": 0.527709176500025, "eta_seconds": 1028.5419486224237, "fast_rcnn/cls_accuracy": 0.75, "fast_rcnn/false_negative": 1.0, "fast_rcnn/fg_cls_accuracy": 0.0, "iteration": 99, "loss_box_reg": 0.7018452286720276, "loss_cls": 0.7007667124271393, "loss_mask": 0.5656274259090424, "loss_rpn_cls": 0.011213506571948528, "loss_rpn_loc": 0.05140321142971516, "lr": 2.497525e-05, "mask_rcnn/accuracy": 0.9303451849489796, "mask_rcnn/false_negative": 0.0015839010618184605, "mask_rcnn/false_positive": 0.1910963737785037, "roi_head/num_bg_samples": 96.0, "roi_head/num_fg_samples": 32.0, "rpn/num_neg_anchors": 128.0, "rpn/num_pos_anchors": 128.0, "time": 0.9110993755000436, "total_loss": 2.0161123771686107}
{"data_time": 0.5323063125000544, "eta_seconds": 1005.5340338855045, "fast_rcnn/cls_accuracy": 0.75, "fast_rcnn/false_negative": 1.0, "fast_rcnn/fg_cls_accuracy": 0.0, "iteration": 119, "loss_box_reg": 0.6881608068943024, "loss_cls": 0.6170800030231476, "loss_mask": 0.5017395913600922, "loss_rpn_cls": 0.005314878653734922, "loss_rpn_loc": 0.04963831230998039, "lr": 2.997025e-05, "mask_rcnn/accuracy": 0.9326171875, "mask_rcnn/false_negative": 0.0017003638910885808, "mask_rcnn/false_positive": 0.1817784811222294, "roi_head/num_bg_samples": 96.0, "roi_head/num_fg_samples": 32.0, "rpn/num_neg_anchors": 128.0, "rpn/num_pos_anchors": 128.0, "time": 0.9108242379999183, "total_loss": 1.8824420764576644}
{"data_time": 0.5531363600000532, "eta_seconds": 986.9302589755044, "fast_rcnn/cls_accuracy": 0.75, "fast_rcnn/false_negative": 1.0, "fast_rcnn/fg_cls_accuracy": 0.0, "iteration": 139, "loss_box_reg": 0.6574288606643677, "loss_cls": 0.5603511929512024, "loss_mask": 0.4438406527042389, "loss_rpn_cls": 0.005726947216317058, "loss_rpn_loc": 0.050187189131975174, "lr": 3.4965250000000005e-05, "mask_rcnn/accuracy": 0.9297472895408163, "mask_rcnn/false_negative": 0.0018577146898999548, "mask_rcnn/false_positive": 0.1884318222752769, "roi_head/num_bg_samples": 96.0, "roi_head/num_fg_samples": 32.0, "rpn/num_neg_anchors": 128.0, "rpn/num_pos_anchors": 128.0, "time": 0.9324855874999685, "total_loss": 1.7218916392303072}
{"data_time": 0.5037769970000454, "eta_seconds": 961.8653994118732, "fast_rcnn/cls_accuracy": 0.75, "fast_rcnn/false_negative": 1.0, "fast_rcnn/fg_cls_accuracy": 0.0, "iteration": 159, "loss_box_reg": 0.6504959464073181, "loss_cls": 0.5210661590099335, "loss_mask": 0.3882318288087845, "loss_rpn_cls": 0.00392540730535984, "loss_rpn_loc": 0.04958530142903328, "lr": 3.996025e-05, "mask_rcnn/accuracy": 0.9320292570153061, "mask_rcnn/false_negative": 0.002033491226032701, "mask_rcnn/false_positive": 0.17778899148285676, "roi_head/num_bg_samples": 96.0, "roi_head/num_fg_samples": 32.0, "rpn/num_neg_anchors": 128.0, "rpn/num_pos_anchors": 128.0, "time": 0.902715392500113, "total_loss": 1.5980505398474634}
{"data_time": 0.5178314124999588, "eta_seconds": 942.544426225959, "fast_rcnn/cls_accuracy": 0.75390625, "fast_rcnn/false_negative": 0.984375, "fast_rcnn/fg_cls_accuracy": 0.015625, "iteration": 179, "loss_box_reg": 0.6062988638877869, "loss_cls": 0.4807797819375992, "loss_mask": 0.33371585607528687, "loss_rpn_cls": 0.006225872784852982, "loss_rpn_loc": 0.04962974973022938, "lr": 4.4955249999999996e-05, "mask_rcnn/accuracy": 0.9337631536989797, "mask_rcnn/false_negative": 0.002190881233169641, "mask_rcnn/false_positive": 0.17724074262285888, "roi_head/num_bg_samples": 96.0, "roi_head/num_fg_samples": 32.0, "rpn/num_neg_anchors": 128.0, "rpn/num_pos_anchors": 128.0, "time": 0.8920101559999694, "total_loss": 1.4774915617890656}
{"data_time": 0.5627426859999787, "eta_seconds": 924.4175055113834, "fast_rcnn/cls_accuracy": 0.783203125, "fast_rcnn/false_negative": 0.7890625, "fast_rcnn/fg_cls_accuracy": 0.1328125, "iteration": 199, "loss_box_reg": 0.6154249906539917, "loss_cls": 0.440750390291214, "loss_mask": 0.2968906760215759, "loss_rpn_cls": 0.002514265477657318, "loss_rpn_loc": 0.049303289502859116, "lr": 4.9950250000000005e-05, "mask_rcnn/accuracy": 0.9349489795918368, "mask_rcnn/false_negative": 0.0024173997444351713, "mask_rcnn/false_positive": 0.17388358209658678, "roi_head/num_bg_samples": 96.0, "roi_head/num_fg_samples": 32.0, "rpn/num_neg_anchors": 128.0, "rpn/num_pos_anchors": 128.0, "time": 0.9512226799998871, "total_loss": 1.4179374602390453}
{"data_time": 0.5312774070000614, "eta_seconds": 905.9476252813857, "fast_rcnn/cls_accuracy": 0.814453125, "fast_rcnn/false_negative": 0.5390625, "fast_rcnn/fg_cls_accuracy": 0.2578125, "iteration": 219, "loss_box_reg": 0.6001245379447937, "loss_cls": 0.4114352911710739, "loss_mask": 0.25353631377220154, "loss_rpn_cls": 0.001409113931003958, "loss_rpn_loc": 0.04847189970314503, "lr": 5.494525e-05, "mask_rcnn/accuracy": 0.9365134725765306, "mask_rcnn/false_negative": 0.0023800738066715316, "mask_rcnn/false_positive": 0.16237686222122744, "roi_head/num_bg_samples": 96.0, "roi_head/num_fg_samples": 32.0, "rpn/num_neg_anchors": 128.0, "rpn/num_pos_anchors": 128.0, "time": 0.9217074265000065, "total_loss": 1.3127056859084405}
{"data_time": 0.5887654665001492, "eta_seconds": 893.911384425504, "fast_rcnn/cls_accuracy": 0.84765625, "fast_rcnn/false_negative": 0.359375, "fast_rcnn/fg_cls_accuracy": 0.390625, "iteration": 239, "loss_box_reg": 0.5932470560073853, "loss_cls": 0.37493056058883667, "loss_mask": 0.2152586653828621, "loss_rpn_cls": 0.0026219849241897464, "loss_rpn_loc": 0.048344507813453674, "lr": 5.994025e-05, "mask_rcnn/accuracy": 0.9414461096938775, "mask_rcnn/false_negative": 0.0025155501257620744, "mask_rcnn/false_positive": 0.1523471634321502, "roi_head/num_bg_samples": 96.0, "roi_head/num_fg_samples": 32.0, "rpn/num_neg_anchors": 128.0, "rpn/num_pos_anchors": 128.0, "time": 0.9748558460000822, "total_loss": 1.2494214214384556}
{"data_time": 0.5761341479999373, "eta_seconds": 878.515069650973, "fast_rcnn/cls_accuracy": 0.8828125, "fast_rcnn/false_negative": 0.25, "fast_rcnn/fg_cls_accuracy": 0.53125, "iteration": 259, "loss_box_reg": 0.5503122806549072, "loss_cls": 0.34056490659713745, "loss_mask": 0.19579441845417023, "loss_rpn_cls": 0.002977828378789127, "loss_rpn_loc": 0.0498184934258461, "lr": 6.493525e-05, "mask_rcnn/accuracy": 0.9431401466836735, "mask_rcnn/false_negative": 0.002837134582487176, "mask_rcnn/false_positive": 0.1479015093508506, "roi_head/num_bg_samples": 96.0, "roi_head/num_fg_samples": 32.0, "rpn/num_neg_anchors": 128.0, "rpn/num_pos_anchors": 128.0, "time": 0.945930131500063, "total_loss": 1.1434945244109258}
{"data_time": 0.5633308819999456, "eta_seconds": 859.8431234309736, "fast_rcnn/cls_accuracy": 0.892578125, "fast_rcnn/false_negative": 0.21875, "fast_rcnn/fg_cls_accuracy": 0.5703125, "iteration": 279, "loss_box_reg": 0.5188721418380737, "loss_cls": 0.3141735792160034, "loss_mask": 0.17138615995645523, "loss_rpn_cls": 0.001403739326633513, "loss_rpn_loc": 0.0488546472042799, "lr": 6.993025000000002e-05, "mask_rcnn/accuracy": 0.9471360809948979, "mask_rcnn/false_negative": 0.004607465425612849, "mask_rcnn/false_positive": 0.13919278895862586, "roi_head/num_bg_samples": 96.0, "roi_head/num_fg_samples": 32.0, "rpn/num_neg_anchors": 128.0, "rpn/num_pos_anchors": 128.0, "time": 0.9290686594999897, "total_loss": 1.049900368147064}
{"data_time": 0.5430065884999067, "eta_seconds": 841.7216174825493, "fast_rcnn/cls_accuracy": 0.91015625, "fast_rcnn/false_negative": 0.171875, "fast_rcnn/fg_cls_accuracy": 0.6484375, "iteration": 299, "loss_box_reg": 0.4943293035030365, "loss_cls": 0.2977893799543381, "loss_mask": 0.1466708928346634, "loss_rpn_cls": 0.0021851148921996355, "loss_rpn_loc": 0.050937335938215256, "lr": 7.492525e-05, "mask_rcnn/accuracy": 0.9518494897959184, "mask_rcnn/false_negative": 0.004954430057084033, "mask_rcnn/false_positive": 0.12560481629333575, "roi_head/num_bg_samples": 96.0, "roi_head/num_fg_samples": 32.0, "rpn/num_neg_anchors": 128.0, "rpn/num_pos_anchors": 128.0, "time": 0.9480567895000149, "total_loss": 0.9682510612765327}
{"data_time": 0.5415062495000029, "eta_seconds": 823.0374528325482, "fast_rcnn/cls_accuracy": 0.91015625, "fast_rcnn/false_negative": 0.1796875, "fast_rcnn/fg_cls_accuracy": 0.640625, "iteration": 319, "loss_box_reg": 0.4222290813922882, "loss_cls": 0.27768561244010925, "loss_mask": 0.1301390305161476, "loss_rpn_cls": 0.001114174840040505, "loss_rpn_loc": 0.04937991127371788, "lr": 7.992025e-05, "mask_rcnn/accuracy": 0.9540716677295918, "mask_rcnn/false_negative": 0.0071347166018006815, "mask_rcnn/false_positive": 0.11492938654659993, "roi_head/num_bg_samples": 96.0, "roi_head/num_fg_samples": 32.0, "rpn/num_neg_anchors": 128.0, "rpn/num_pos_anchors": 128.0, "time": 0.9311988405000875, "total_loss": 0.8874402018263936}
{"data_time": 0.5564858239998784, "eta_seconds": 804.8074777364965, "fast_rcnn/cls_accuracy": 0.9140625, "fast_rcnn/false_negative": 0.125, "fast_rcnn/fg_cls_accuracy": 0.65625, "iteration": 339, "loss_box_reg": 0.3539779633283615, "loss_cls": 0.25292760133743286, "loss_mask": 0.11827953532338142, "loss_rpn_cls": 0.0012651195283979177, "loss_rpn_loc": 0.049466367810964584, "lr": 8.491525000000001e-05, "mask_rcnn/accuracy": 0.9575793207908163, "mask_rcnn/false_negative": 0.009108337065843254, "mask_rcnn/false_positive": 0.10258238239806876, "roi_head/num_bg_samples": 96.0, "roi_head/num_fg_samples": 32.0, "rpn/num_neg_anchors": 128.0, "rpn/num_pos_anchors": 128.0, "time": 0.9514360929999839, "total_loss": 0.7769919340498745}
{"data_time": 0.5542760434999536, "eta_seconds": 786.6907905164876, "fast_rcnn/cls_accuracy": 0.9375, "fast_rcnn/false_negative": 0.109375, "fast_rcnn/fg_cls_accuracy": 0.7734375, "iteration": 359, "loss_box_reg": 0.2448144406080246, "loss_cls": 0.22924049943685532, "loss_mask": 0.10440577566623688, "loss_rpn_cls": 0.001009464671369642, "loss_rpn_loc": 0.051999880000948906, "lr": 8.991025e-05, "mask_rcnn/accuracy": 0.960987324617347, "mask_rcnn/false_negative": 0.015278603946883074, "mask_rcnn/false_positive": 0.07845365380758182, "roi_head/num_bg_samples": 96.0, "roi_head/num_fg_samples": 32.0, "rpn/num_neg_anchors": 128.0, "rpn/num_pos_anchors": 128.0, "time": 0.9527936750000663, "total_loss": 0.6474081584310625}
{"data_time": 0.5547044950001236, "eta_seconds": 767.9823293864879, "fast_rcnn/cls_accuracy": 0.927734375, "fast_rcnn/false_negative": 0.09375, "fast_rcnn/fg_cls_accuracy": 0.7421875, "iteration": 379, "loss_box_reg": 0.2189604789018631, "loss_cls": 0.2105829417705536, "loss_mask": 0.09841103851795197, "loss_rpn_cls": 0.0006302303227130324, "loss_rpn_loc": 0.051664697006344795, "lr": 9.490525e-05, "mask_rcnn/accuracy": 0.9628109056122449, "mask_rcnn/false_negative": 0.01778867503414476, "mask_rcnn/false_positive": 0.07119823767396799, "roi_head/num_bg_samples": 96.0, "roi_head/num_fg_samples": 32.0, "rpn/num_neg_anchors": 128.0, "rpn/num_pos_anchors": 128.0, "time": 0.9334153300001162, "total_loss": 0.5866775156609947}
{"data_time": 0.5626881089999642, "eta_seconds": 748.5308262135246, "fast_rcnn/cls_accuracy": 0.943359375, "fast_rcnn/false_negative": 0.09375, "fast_rcnn/fg_cls_accuracy": 0.796875, "iteration": 399, "loss_box_reg": 0.19005439430475235, "loss_cls": 0.19268598407506943, "loss_mask": 0.09767965599894524, "loss_rpn_cls": 0.0011907070293091238, "loss_rpn_loc": 0.05083759129047394, "lr": 9.990025e-05, "mask_rcnn/accuracy": 0.9647042410714286, "mask_rcnn/false_negative": 0.01753416811554105, "mask_rcnn/false_positive": 0.06326846914829401, "roi_head/num_bg_samples": 96.0, "roi_head/num_fg_samples": 32.0, "rpn/num_neg_anchors": 128.0, "rpn/num_pos_anchors": 128.0, "time": 0.9267392504999634, "total_loss": 0.5396772653002699}
{"data_time": 0.5562998624999409, "eta_seconds": 730.5654071264885, "fast_rcnn/cls_accuracy": 0.9453125, "fast_rcnn/false_negative": 0.09375, "fast_rcnn/fg_cls_accuracy": 0.8203125, "iteration": 419, "loss_box_reg": 0.18095101416110992, "loss_cls": 0.17146474868059158, "loss_mask": 0.09136470034718513, "loss_rpn_cls": 0.0017596324905753136, "loss_rpn_loc": 0.0488231536000967, "lr": 0.00010489525, "mask_rcnn/accuracy": 0.9646444515306123, "mask_rcnn/false_negative": 0.019384132268340844, "mask_rcnn/false_positive": 0.0644569526266206, "roi_head/num_bg_samples": 96.0, "roi_head/num_fg_samples": 32.0, "rpn/num_neg_anchors": 128.0, "rpn/num_pos_anchors": 128.0, "time": 0.952550080500032, "total_loss": 0.4951689761073794}
{"data_time": 0.5499637875001326, "eta_seconds": 712.7091925599977, "fast_rcnn/cls_accuracy": 0.935546875, "fast_rcnn/false_negative": 0.109375, "fast_rcnn/fg_cls_accuracy": 0.78125, "iteration": 439, "loss_box_reg": 0.1904909610748291, "loss_cls": 0.17221257090568542, "loss_mask": 0.09783266112208366, "loss_rpn_cls": 0.0005973147344775498, "loss_rpn_loc": 0.05082099139690399, "lr": 0.00010989025, "mask_rcnn/accuracy": 0.9619937818877551, "mask_rcnn/false_negative": 0.019607368918201955, "mask_rcnn/false_positive": 0.06650695114527211, "roi_head/num_bg_samples": 96.0, "roi_head/num_fg_samples": 32.0, "rpn/num_neg_anchors": 128.0, "rpn/num_pos_anchors": 128.0, "time": 0.9480345534999515, "total_loss": 0.5162628854159266}
{"data_time": 0.5291587874999095, "eta_seconds": 692.639188156497, "fast_rcnn/cls_accuracy": 0.953125, "fast_rcnn/false_negative": 0.078125, "fast_rcnn/fg_cls_accuracy": 0.8515625, "iteration": 459, "loss_box_reg": 0.17411478608846664, "loss_cls": 0.15160463005304337, "loss_mask": 0.09225187450647354, "loss_rpn_cls": 0.00023330337717197835, "loss_rpn_loc": 0.046443091705441475, "lr": 0.00011488525000000001, "mask_rcnn/accuracy": 0.9650031887755102, "mask_rcnn/false_negative": 0.020526340528357948, "mask_rcnn/false_positive": 0.06419052945432208, "roi_head/num_bg_samples": 96.0, "roi_head/num_fg_samples": 32.0, "rpn/num_neg_anchors": 128.0, "rpn/num_pos_anchors": 128.0, "time": 0.9103675409999141, "total_loss": 0.467355551518267}
{"data_time": 0.5204867314998864, "eta_seconds": 673.4216862205053, "fast_rcnn/cls_accuracy": 0.95703125, "fast_rcnn/false_negative": 0.078125, "fast_rcnn/fg_cls_accuracy": 0.859375, "iteration": 479, "loss_box_reg": 0.16273163259029388, "loss_cls": 0.12181416526436806, "loss_mask": 0.09352386370301247, "loss_rpn_cls": 0.001277439296245575, "loss_rpn_loc": 0.04738066345453262, "lr": 0.00011988025, "mask_rcnn/accuracy": 0.9637077487244898, "mask_rcnn/false_negative": 0.023309875635632207, "mask_rcnn/false_positive": 0.06018851461251043, "roi_head/num_bg_samples": 96.0, "roi_head/num_fg_samples": 32.0, "rpn/num_neg_anchors": 128.0, "rpn/num_pos_anchors": 128.0, "time": 0.8764685915000427, "total_loss": 0.43182183732278645}
{"data_time": 0.5541050339999174, "eta_seconds": 654.6438839965047, "fast_rcnn/cls_accuracy": 0.95703125, "fast_rcnn/false_negative": 0.0859375, "fast_rcnn/fg_cls_accuracy": 0.859375, "iteration": 499, "loss_box_reg": 0.16448763012886047, "loss_cls": 0.11795026063919067, "loss_mask": 0.08650496229529381, "loss_rpn_cls": 0.0005144562455825508, "loss_rpn_loc": 0.04595191217958927, "lr": 0.00012487525, "mask_rcnn/accuracy": 0.9653818558673469, "mask_rcnn/false_negative": 0.020613489540147866, "mask_rcnn/false_positive": 0.06005575806817599, "roi_head/num_bg_samples": 96.0, "roi_head/num_fg_samples": 32.0, "rpn/num_neg_anchors": 128.0, "rpn/num_pos_anchors": 128.0, "time": 0.9148518319998402, "total_loss": 0.41422946919919923}
{"data_time": 0.5138417644998299, "eta_seconds": 635.7329990730253, "fast_rcnn/cls_accuracy": 0.958984375, "fast_rcnn/false_negative": 0.078125, "fast_rcnn/fg_cls_accuracy": 0.875, "iteration": 519, "loss_box_reg": 0.1732785701751709, "loss_cls": 0.11378269642591476, "loss_mask": 0.08860019221901894, "loss_rpn_cls": 0.0010651045595295727, "loss_rpn_loc": 0.04704546369612217, "lr": 0.00012987025, "mask_rcnn/accuracy": 0.9646743463010203, "mask_rcnn/false_negative": 0.023654690685391336, "mask_rcnn/false_positive": 0.057213375983978035, "roi_head/num_bg_samples": 96.0, "roi_head/num_fg_samples": 32.0, "rpn/num_neg_anchors": 128.0, "rpn/num_pos_anchors": 128.0, "time": 0.8932785270003478, "total_loss": 0.4167588682976202}
{"data_time": 0.5397454760002347, "eta_seconds": 617.0624264130246, "fast_rcnn/cls_accuracy": 0.958984375, "fast_rcnn/false_negative": 0.0859375, "fast_rcnn/fg_cls_accuracy": 0.890625, "iteration": 539, "loss_box_reg": 0.17909353971481323, "loss_cls": 0.11104342713952065, "loss_mask": 0.09087172150611877, "loss_rpn_cls": 0.000895209755981341, "loss_rpn_loc": 0.04802998527884483, "lr": 0.00013486525000000002, "mask_rcnn/accuracy": 0.9631995376275511, "mask_rcnn/false_negative": 0.022730020169738758, "mask_rcnn/false_positive": 0.06444116149861712, "roi_head/num_bg_samples": 96.0, "roi_head/num_fg_samples": 32.0, "rpn/num_neg_anchors": 128.0, "rpn/num_pos_anchors": 128.0, "time": 0.934178607999911, "total_loss": 0.4212228140604566}
{"data_time": 0.5749744899999314, "eta_seconds": 598.5775065829494, "fast_rcnn/cls_accuracy": 0.970703125, "fast_rcnn/false_negative": 0.0625, "fast_rcnn/fg_cls_accuracy": 0.90625, "iteration": 559, "loss_box_reg": 0.165720596909523, "loss_cls": 0.09155089408159256, "loss_mask": 0.08844307065010071, "loss_rpn_cls": 0.0008831442683003843, "loss_rpn_loc": 0.04846029169857502, "lr": 0.00013986025, "mask_rcnn/accuracy": 0.9644351881377551, "mask_rcnn/false_negative": 0.02216670308034691, "mask_rcnn/false_positive": 0.06064794541445656, "roi_head/num_bg_samples": 96.0, "roi_head/num_fg_samples": 32.0, "rpn/num_neg_anchors": 128.0, "rpn/num_pos_anchors": 128.0, "time": 0.9739193464999971, "total_loss": 0.39179228384819}
{"data_time": 0.5574327264998828, "eta_seconds": 579.9499025534403, "fast_rcnn/cls_accuracy": 0.96484375, "fast_rcnn/false_negative": 0.0703125, "fast_rcnn/fg_cls_accuracy": 0.9140625, "iteration": 579, "loss_box_reg": 0.15950386226177216, "loss_cls": 0.09946586191654205, "loss_mask": 0.08655911311507225, "loss_rpn_cls": 0.0003760287945624441, "loss_rpn_loc": 0.04700805991888046, "lr": 0.00014485525, "mask_rcnn/accuracy": 0.965072943239796, "mask_rcnn/false_negative": 0.023064123654847554, "mask_rcnn/false_positive": 0.05376946117468462, "roi_head/num_bg_samples": 96.0, "roi_head/num_fg_samples": 32.0, "rpn/num_neg_anchors": 128.0, "rpn/num_pos_anchors": 128.0, "time": 0.9587505179997606, "total_loss": 0.39691173657774925}
{"data_time": 0.5470745815000555, "eta_seconds": 561.13167395097, "fast_rcnn/cls_accuracy": 0.96875, "fast_rcnn/false_negative": 0.0625, "fast_rcnn/fg_cls_accuracy": 0.921875, "iteration": 599, "loss_box_reg": 0.1614062860608101, "loss_cls": 0.09153030440211296, "loss_mask": 0.08426018431782722, "loss_rpn_cls": 0.0004183552082395181, "loss_rpn_loc": 0.04680110514163971, "lr": 0.00014985025, "mask_rcnn/accuracy": 0.9654914700255102, "mask_rcnn/false_negative": 0.023891913639955395, "mask_rcnn/false_positive": 0.05393981749459194, "roi_head/num_bg_samples": 96.0, "roi_head/num_fg_samples": 32.0, "rpn/num_neg_anchors": 128.0, "rpn/num_pos_anchors": 128.0, "time": 0.9252092984997944, "total_loss": 0.40460147743579}
{"data_time": 0.5561423644999195, "eta_seconds": 542.5159994274733, "fast_rcnn/cls_accuracy": 0.970703125, "fast_rcnn/false_negative": 0.0546875, "fast_rcnn/fg_cls_accuracy": 0.921875, "iteration": 619, "loss_box_reg": 0.16826795786619186, "loss_cls": 0.0841401033103466, "loss_mask": 0.08429998904466629, "loss_rpn_cls": 0.0005593627574853599, "loss_rpn_loc": 0.045572683215141296, "lr": 0.00015484525, "mask_rcnn/accuracy": 0.965690768494898, "mask_rcnn/false_negative": 0.023796847207231478, "mask_rcnn/false_positive": 0.05070943815865596, "roi_head/num_bg_samples": 96.0, "roi_head/num_fg_samples": 32.0, "rpn/num_neg_anchors": 128.0, "rpn/num_pos_anchors": 128.0, "time": 0.9425388629999816, "total_loss": 0.3819319443864515}
{"data_time": 0.5777694415000951, "eta_seconds": 523.9160955434461, "fast_rcnn/cls_accuracy": 0.97265625, "fast_rcnn/false_negative": 0.0625, "fast_rcnn/fg_cls_accuracy": 0.9140625, "iteration": 639, "loss_box_reg": 0.14878597855567932, "loss_cls": 0.09288850799202919, "loss_mask": 0.08098996803164482, "loss_rpn_cls": 0.0003932707622880116, "loss_rpn_loc": 0.047856081277132034, "lr": 0.00015984025, "mask_rcnn/accuracy": 0.9659797512755102, "mask_rcnn/false_negative": 0.022377609496020884, "mask_rcnn/false_positive": 0.04867417497328942, "roi_head/num_bg_samples": 96.0, "roi_head/num_fg_samples": 32.0, "rpn/num_neg_anchors": 128.0, "rpn/num_pos_anchors": 128.0, "time": 0.9464335734999167, "total_loss": 0.3774632794520585}
{"data_time": 0.5478876085001048, "eta_seconds": 505.19568028295726, "fast_rcnn/cls_accuracy": 0.974609375, "fast_rcnn/false_negative": 0.0546875, "fast_rcnn/fg_cls_accuracy": 0.921875, "iteration": 659, "loss_box_reg": 0.17345082759857178, "loss_cls": 0.07806532829999924, "loss_mask": 0.09136730059981346, "loss_rpn_cls": 0.0005919339746469632, "loss_rpn_loc": 0.04671570658683777, "lr": 0.00016483525, "mask_rcnn/accuracy": 0.9627511160714286, "mask_rcnn/false_negative": 0.022687613080206705, "mask_rcnn/false_positive": 0.057507569895061304, "roi_head/num_bg_samples": 96.0, "roi_head/num_fg_samples": 32.0, "rpn/num_neg_anchors": 128.0, "rpn/num_pos_anchors": 128.0, "time": 0.9202891885001918, "total_loss": 0.3991409958398435}
{"data_time": 0.5655951784999615, "eta_seconds": 486.61955412050384, "fast_rcnn/cls_accuracy": 0.96484375, "fast_rcnn/false_negative": 0.078125, "fast_rcnn/fg_cls_accuracy": 0.90625, "iteration": 679, "loss_box_reg": 0.15971127897500992, "loss_cls": 0.08823515102267265, "loss_mask": 0.08671082183718681, "loss_rpn_cls": 0.0006269229343160987, "loss_rpn_loc": 0.046484604477882385, "lr": 0.00016983025000000002, "mask_rcnn/accuracy": 0.9634785554846939, "mask_rcnn/false_negative": 0.024731811267234394, "mask_rcnn/false_positive": 0.0578422061800874, "roi_head/num_bg_samples": 96.0, "roi_head/num_fg_samples": 32.0, "rpn/num_neg_anchors": 128.0, "rpn/num_pos_anchors": 128.0, "time": 0.953513573500004, "total_loss": 0.3761662764882203}
{"data_time": 0.543382375000192, "eta_seconds": 467.9393409105037, "fast_rcnn/cls_accuracy": 0.97265625, "fast_rcnn/false_negative": 0.0625, "fast_rcnn/fg_cls_accuracy": 0.921875, "iteration": 699, "loss_box_reg": 0.145341657102108, "loss_cls": 0.08353949710726738, "loss_mask": 0.0809788852930069, "loss_rpn_cls": 0.0003066874633077532, "loss_rpn_loc": 0.04461865313351154, "lr": 0.00017482524999999998, "mask_rcnn/accuracy": 0.9663683832908163, "mask_rcnn/false_negative": 0.023913325876118188, "mask_rcnn/false_positive": 0.04960658887444158, "roi_head/num_bg_samples": 96.0, "roi_head/num_fg_samples": 32.0, "rpn/num_neg_anchors": 128.0, "rpn/num_pos_anchors": 128.0, "time": 0.9347895045000314, "total_loss": 0.3533905256408616}
{"data_time": 0.5375584405001064, "eta_seconds": 449.18207534847147, "fast_rcnn/cls_accuracy": 0.9765625, "fast_rcnn/false_negative": 0.046875, "fast_rcnn/fg_cls_accuracy": 0.9375, "iteration": 719, "loss_box_reg": 0.15109802782535553, "loss_cls": 0.0770207829773426, "loss_mask": 0.08246025070548058, "loss_rpn_cls": 0.0005495224904734641, "loss_rpn_loc": 0.04502764716744423, "lr": 0.00017982025, "mask_rcnn/accuracy": 0.9651227678571428, "mask_rcnn/false_negative": 0.023196118379847586, "mask_rcnn/false_positive": 0.05361122675857634, "roi_head/num_bg_samples": 96.0, "roi_head/num_fg_samples": 32.0, "rpn/num_neg_anchors": 128.0, "rpn/num_pos_anchors": 128.0, "time": 0.9105697949999012, "total_loss": 0.3541099529247731}
{"data_time": 0.5524417909998647, "eta_seconds": 430.418804810977, "fast_rcnn/cls_accuracy": 0.974609375, "fast_rcnn/false_negative": 0.0625, "fast_rcnn/fg_cls_accuracy": 0.921875, "iteration": 739, "loss_box_reg": 0.1509775072336197, "loss_cls": 0.0714598074555397, "loss_mask": 0.08226104825735092, "loss_rpn_cls": 0.00032393098808825016, "loss_rpn_loc": 0.044846637174487114, "lr": 0.00018481525, "mask_rcnn/accuracy": 0.9667669802295918, "mask_rcnn/false_negative": 0.023448103068215743, "mask_rcnn/false_positive": 0.0495531439514842, "roi_head/num_bg_samples": 96.0, "roi_head/num_fg_samples": 32.0, "rpn/num_neg_anchors": 128.0, "rpn/num_pos_anchors": 128.0, "time": 0.9253357925001637, "total_loss": 0.34871732379542664}
{"data_time": 0.5305323819998193, "eta_seconds": 411.0444348884248, "fast_rcnn/cls_accuracy": 0.974609375, "fast_rcnn/false_negative": 0.0625, "fast_rcnn/fg_cls_accuracy": 0.921875, "iteration": 759, "loss_box_reg": 0.1556142196059227, "loss_cls": 0.07043208926916122, "loss_mask": 0.08050967752933502, "loss_rpn_cls": 0.0003874287649523467, "loss_rpn_loc": 0.044223686680197716, "lr": 0.00018981025, "mask_rcnn/accuracy": 0.9665477519132653, "mask_rcnn/false_negative": 0.025058770262021808, "mask_rcnn/false_positive": 0.04709416890105941, "roi_head/num_bg_samples": 96.0, "roi_head/num_fg_samples": 32.0, "rpn/num_neg_anchors": 128.0, "rpn/num_pos_anchors": 128.0, "time": 0.9091311829999995, "total_loss": 0.3539984150775126}
{"data_time": 0.536172189500121, "eta_seconds": 391.7374900605248, "fast_rcnn/cls_accuracy": 0.974609375, "fast_rcnn/false_negative": 0.0625, "fast_rcnn/fg_cls_accuracy": 0.9296875, "iteration": 779, "loss_box_reg": 0.15011341869831085, "loss_cls": 0.07552313059568405, "loss_mask": 0.0817689299583435, "loss_rpn_cls": 0.0004274647799320519, "loss_rpn_loc": 0.046608004719018936, "lr": 0.00019480525000000002, "mask_rcnn/accuracy": 0.9653818558673469, "mask_rcnn/false_negative": 0.023790292850816328, "mask_rcnn/false_positive": 0.05506372263783611, "roi_head/num_bg_samples": 96.0, "roi_head/num_fg_samples": 32.0, "rpn/num_neg_anchors": 128.0, "rpn/num_pos_anchors": 128.0, "time": 0.9278582725000888, "total_loss": 0.3628426833311096}
{"data_time": 0.5602884859999904, "eta_seconds": 373.27426912652413, "fast_rcnn/cls_accuracy": 0.98046875, "fast_rcnn/false_negative": 0.0546875, "fast_rcnn/fg_cls_accuracy": 0.9375, "iteration": 799, "loss_box_reg": 0.15200339257717133, "loss_cls": 0.0685642622411251, "loss_mask": 0.0845162533223629, "loss_rpn_cls": 0.00043099888716824353, "loss_rpn_loc": 0.04271891340613365, "lr": 0.00019980025, "mask_rcnn/accuracy": 0.9637874681122449, "mask_rcnn/false_negative": 0.021807771855515183, "mask_rcnn/false_positive": 0.057353218476946285, "roi_head/num_bg_samples": 96.0, "roi_head/num_fg_samples": 32.0, "rpn/num_neg_anchors": 128.0, "rpn/num_pos_anchors": 128.0, "time": 0.9369209429999046, "total_loss": 0.3551911835456849}
{"data_time": 0.533138933499913, "eta_seconds": 354.40442663559054, "fast_rcnn/cls_accuracy": 0.982421875, "fast_rcnn/false_negative": 0.046875, "fast_rcnn/fg_cls_accuracy": 0.9375, "iteration": 819, "loss_box_reg": 0.14392519742250443, "loss_cls": 0.06326744891703129, "loss_mask": 0.07836098968982697, "loss_rpn_cls": 0.00044081891246605664, "loss_rpn_loc": 0.04520218074321747, "lr": 0.00020479525, "mask_rcnn/accuracy": 0.9667071906887755, "mask_rcnn/false_negative": 0.023655657532038868, "mask_rcnn/false_positive": 0.04992878323168139, "roi_head/num_bg_samples": 96.0, "roi_head/num_fg_samples": 32.0, "rpn/num_neg_anchors": 128.0, "rpn/num_pos_anchors": 128.0, "time": 0.901867425500086, "total_loss": 0.331259001075523}
{"data_time": 0.5349395899997944, "eta_seconds": 335.7936341920554, "fast_rcnn/cls_accuracy": 0.9765625, "fast_rcnn/false_negative": 0.046875, "fast_rcnn/fg_cls_accuracy": 0.9453125, "iteration": 839, "loss_box_reg": 0.1491178199648857, "loss_cls": 0.06291694194078445, "loss_mask": 0.08076772093772888, "loss_rpn_cls": 0.00048768271517474204, "loss_rpn_loc": 0.04432891122996807, "lr": 0.00020979024999999999, "mask_rcnn/accuracy": 0.9657505580357143, "mask_rcnn/false_negative": 0.023511318348430718, "mask_rcnn/false_positive": 0.05089209475671318, "roi_head/num_bg_samples": 96.0, "roi_head/num_fg_samples": 32.0, "rpn/num_neg_anchors": 128.0, "rpn/num_pos_anchors": 128.0, "time": 0.9247181169998839, "total_loss": 0.3411615116347093}
{"data_time": 0.5540923295000084, "eta_seconds": 317.19661281558103, "fast_rcnn/cls_accuracy": 0.984375, "fast_rcnn/false_negative": 0.03125, "fast_rcnn/fg_cls_accuracy": 0.9609375, "iteration": 859, "loss_box_reg": 0.1401633322238922, "loss_cls": 0.05593092925846577, "loss_mask": 0.07787736877799034, "loss_rpn_cls": 0.000286473601590842, "loss_rpn_loc": 0.04396490380167961, "lr": 0.00021478524999999997, "mask_rcnn/accuracy": 0.9673848054846939, "mask_rcnn/false_negative": 0.02448842634731868, "mask_rcnn/false_positive": 0.053185060898246594, "roi_head/num_bg_samples": 96.0, "roi_head/num_fg_samples": 32.0, "rpn/num_neg_anchors": 128.0, "rpn/num_pos_anchors": 128.0, "time": 0.9409767849999753, "total_loss": 0.32699242786475224}
{"data_time": 0.5679946099999142, "eta_seconds": 298.59952779754315, "fast_rcnn/cls_accuracy": 0.978515625, "fast_rcnn/false_negative": 0.0546875, "fast_rcnn/fg_cls_accuracy": 0.9375, "iteration": 879, "loss_box_reg": 0.14308741688728333, "loss_cls": 0.05892161279916763, "loss_mask": 0.08303582668304443, "loss_rpn_cls": 0.0005044084682594985, "loss_rpn_loc": 0.04385742172598839, "lr": 0.00021978025000000002, "mask_rcnn/accuracy": 0.9651626275510203, "mask_rcnn/false_negative": 0.024595898565780726, "mask_rcnn/false_positive": 0.051550686802929416, "roi_head/num_bg_samples": 96.0, "roi_head/num_fg_samples": 32.0, "rpn/num_neg_anchors": 128.0, "rpn/num_pos_anchors": 128.0, "time": 0.937410821000185, "total_loss": 0.3332431110284233}
{"data_time": 0.5398592850001478, "eta_seconds": 280.07834800051774, "fast_rcnn/cls_accuracy": 0.9765625, "fast_rcnn/false_negative": 0.046875, "fast_rcnn/fg_cls_accuracy": 0.9453125, "iteration": 899, "loss_box_reg": 0.13789144158363342, "loss_cls": 0.0673484168946743, "loss_mask": 0.07769129052758217, "loss_rpn_cls": 0.00036102176818531007, "loss_rpn_loc": 0.043747927993535995, "lr": 0.00022477525, "mask_rcnn/accuracy": 0.9676438934948979, "mask_rcnn/false_negative": 0.023034222995077014, "mask_rcnn/false_positive": 0.048957392761359506, "roi_head/num_bg_samples": 96.0, "roi_head/num_fg_samples": 32.0, "rpn/num_neg_anchors": 128.0, "rpn/num_pos_anchors": 128.0, "time": 0.9336580879999019, "total_loss": 0.32314949903229717}
{"data_time": 0.5249097250000432, "eta_seconds": 261.39086389753777, "fast_rcnn/cls_accuracy": 0.9765625, "fast_rcnn/false_negative": 0.046875, "fast_rcnn/fg_cls_accuracy": 0.9453125, "iteration": 919, "loss_box_reg": 0.14675390720367432, "loss_cls": 0.05972340703010559, "loss_mask": 0.08105391263961792, "loss_rpn_cls": 0.00046964825014583766, "loss_rpn_loc": 0.041454652324318886, "lr": 0.00022977025000000002, "mask_rcnn/accuracy": 0.9659398915816326, "mask_rcnn/false_negative": 0.02431517163134001, "mask_rcnn/false_positive": 0.05415667277465668, "roi_head/num_bg_samples": 96.0, "roi_head/num_fg_samples": 32.0, "rpn/num_neg_anchors": 128.0, "rpn/num_pos_anchors": 128.0, "time": 0.8950493039999401, "total_loss": 0.32119228917872533}
{"data_time": 0.5304482495002958, "eta_seconds": 242.77600699204004, "fast_rcnn/cls_accuracy": 0.974609375, "fast_rcnn/false_negative": 0.0625, "fast_rcnn/fg_cls_accuracy": 0.9296875, "iteration": 939, "loss_box_reg": 0.14450889825820923, "loss_cls": 0.06363735720515251, "loss_mask": 0.0801553763449192, "loss_rpn_cls": 0.0003189809212926775, "loss_rpn_loc": 0.040814293548464775, "lr": 0.00023476524999999998, "mask_rcnn/accuracy": 0.9655512595663265, "mask_rcnn/false_negative": 0.02351367614142539, "mask_rcnn/false_positive": 0.04783092079311954, "roi_head/num_bg_samples": 96.0, "roi_head/num_fg_samples": 32.0, "rpn/num_neg_anchors": 128.0, "rpn/num_pos_anchors": 128.0, "time": 0.9192493319999357, "total_loss": 0.3459421855804976}
{"data_time": 0.5378935715000353, "eta_seconds": 224.08597412005088, "fast_rcnn/cls_accuracy": 0.9765625, "fast_rcnn/false_negative": 0.03125, "fast_rcnn/fg_cls_accuracy": 0.953125, "iteration": 959, "loss_box_reg": 0.13843850791454315, "loss_cls": 0.05812847428023815, "loss_mask": 0.07826362550258636, "loss_rpn_cls": 0.0003279399825260043, "loss_rpn_loc": 0.043671704828739166, "lr": 0.00023976025, "mask_rcnn/accuracy": 0.9666075414540816, "mask_rcnn/false_negative": 0.025794580253811907, "mask_rcnn/false_positive": 0.04897092085871771, "roi_head/num_bg_samples": 96.0, "roi_head/num_fg_samples": 32.0, "rpn/num_neg_anchors": 128.0, "rpn/num_pos_anchors": 128.0, "time": 0.8973423244999594, "total_loss": 0.32482342995353974}
{"data_time": 0.5338164724998933, "eta_seconds": 205.41193726952338, "fast_rcnn/cls_accuracy": 0.978515625, "fast_rcnn/false_negative": 0.0390625, "fast_rcnn/fg_cls_accuracy": 0.953125, "iteration": 979, "loss_box_reg": 0.12195789813995361, "loss_cls": 0.05835665203630924, "loss_mask": 0.08023635298013687, "loss_rpn_cls": 0.0005027590377721936, "loss_rpn_loc": 0.04297713562846184, "lr": 0.00024475525, "mask_rcnn/accuracy": 0.9662488042091837, "mask_rcnn/false_negative": 0.02236212417797127, "mask_rcnn/false_positive": 0.052881493926529036, "roi_head/num_bg_samples": 96.0, "roi_head/num_fg_samples": 32.0, "rpn/num_neg_anchors": 128.0, "rpn/num_pos_anchors": 128.0, "time": 0.900527158000159, "total_loss": 0.30226326719275676}
{"data_time": 0.5459537489998638, "eta_seconds": 186.77458016700916, "fast_rcnn/cls_accuracy": 0.98046875, "fast_rcnn/false_negative": 0.046875, "fast_rcnn/fg_cls_accuracy": 0.953125, "iteration": 999, "loss_box_reg": 0.12521942704916, "loss_cls": 0.05313217639923096, "loss_mask": 0.08086210861802101, "loss_rpn_cls": 0.0002806697812047787, "loss_rpn_loc": 0.04199869930744171, "lr": 0.00024975025, "mask_rcnn/accuracy": 0.9654615752551021, "mask_rcnn/false_negative": 0.023765773409587417, "mask_rcnn/false_positive": 0.04875654429308798, "roi_head/num_bg_samples": 96.0, "roi_head/num_fg_samples": 32.0, "rpn/num_neg_anchors": 128.0, "rpn/num_pos_anchors": 128.0, "time": 0.9134178129997963, "total_loss": 0.3028856923265266}
{"data_time": 0.5344162675000916, "eta_seconds": 168.19004482700825, "fast_rcnn/cls_accuracy": 0.978515625, "fast_rcnn/false_negative": 0.046875, "fast_rcnn/fg_cls_accuracy": 0.953125, "iteration": 1019, "loss_box_reg": 0.12401154264807701, "loss_cls": 0.05766354873776436, "loss_mask": 0.07657795771956444, "loss_rpn_cls": 0.0003267279971623793, "loss_rpn_loc": 0.04175315052270889, "lr": 0.00025, "mask_rcnn/accuracy": 0.9675940688775511, "mask_rcnn/false_negative": 0.02369830941541393, "mask_rcnn/false_positive": 0.04757643889331947, "roi_head/num_bg_samples": 96.0, "roi_head/num_fg_samples": 32.0, "rpn/num_neg_anchors": 128.0, "rpn/num_pos_anchors": 128.0, "time": 0.924398399499978, "total_loss": 0.3061011104582576}
{"data_time": 0.5256235750000542, "eta_seconds": 149.52856066403137, "fast_rcnn/cls_accuracy": 0.98046875, "fast_rcnn/false_negative": 0.046875, "fast_rcnn/fg_cls_accuracy": 0.953125, "iteration": 1039, "loss_box_reg": 0.12687505781650543, "loss_cls": 0.052621591836214066, "loss_mask": 0.0781172513961792, "loss_rpn_cls": 0.00025689245376270264, "loss_rpn_loc": 0.04300031065940857, "lr": 0.00025, "mask_rcnn/accuracy": 0.9668865593112245, "mask_rcnn/false_negative": 0.02449208606238116, "mask_rcnn/false_positive": 0.045788670249705954, "roi_head/num_bg_samples": 96.0, "roi_head/num_fg_samples": 32.0, "rpn/num_neg_anchors": 128.0, "rpn/num_pos_anchors": 128.0, "time": 0.9105316625000341, "total_loss": 0.300328336583334}
{"data_time": 0.5656296449999445, "eta_seconds": 130.95358418402748, "fast_rcnn/cls_accuracy": 0.9765625, "fast_rcnn/false_negative": 0.03125, "fast_rcnn/fg_cls_accuracy": 0.9453125, "iteration": 1059, "loss_box_reg": 0.1251477748155594, "loss_cls": 0.05546034127473831, "loss_mask": 0.07777278870344162, "loss_rpn_cls": 0.0002765583776636049, "loss_rpn_loc": 0.041427766904234886, "lr": 0.00025, "mask_rcnn/accuracy": 0.9669064891581632, "mask_rcnn/false_negative": 0.02256913075992313, "mask_rcnn/false_positive": 0.048294559309578, "roi_head/num_bg_samples": 96.0, "roi_head/num_fg_samples": 32.0, "rpn/num_neg_anchors": 128.0, "rpn/num_pos_anchors": 128.0, "time": 0.9224695200000497, "total_loss": 0.3041657569629024}
{"data_time": 0.5451737959999718, "eta_seconds": 112.27113235797879, "fast_rcnn/cls_accuracy": 0.98046875, "fast_rcnn/false_negative": 0.0390625, "fast_rcnn/fg_cls_accuracy": 0.9609375, "iteration": 1079, "loss_box_reg": 0.1307629644870758, "loss_cls": 0.050911905243992805, "loss_mask": 0.0798659510910511, "loss_rpn_cls": 0.00027957661950495094, "loss_rpn_loc": 0.041501931846141815, "lr": 0.00025, "mask_rcnn/accuracy": 0.9666175063775511, "mask_rcnn/false_negative": 0.023431691305589315, "mask_rcnn/false_positive": 0.048529993371891345, "roi_head/num_bg_samples": 96.0, "roi_head/num_fg_samples": 32.0, "rpn/num_neg_anchors": 128.0, "rpn/num_pos_anchors": 128.0, "time": 0.8949720625000737, "total_loss": 0.3049914560979232}
{"data_time": 0.564385769500177, "eta_seconds": 93.77956615599919, "fast_rcnn/cls_accuracy": 0.98046875, "fast_rcnn/false_negative": 0.03125, "fast_rcnn/fg_cls_accuracy": 0.953125, "iteration": 1099, "loss_box_reg": 0.12686803191900253, "loss_cls": 0.05626935884356499, "loss_mask": 0.07622088864445686, "loss_rpn_cls": 0.00021316800120985135, "loss_rpn_loc": 0.04202321916818619, "lr": 0.00025, "mask_rcnn/accuracy": 0.9680424904336735, "mask_rcnn/false_negative": 0.025836467905951503, "mask_rcnn/false_positive": 0.04656639386609951, "roi_head/num_bg_samples": 96.0, "roi_head/num_fg_samples": 32.0, "rpn/num_neg_anchors": 128.0, "rpn/num_pos_anchors": 128.0, "time": 0.9539558110000144, "total_loss": 0.3013670363870915}
{"data_time": 0.5302232090000416, "eta_seconds": 75.20142096449626, "fast_rcnn/cls_accuracy": 0.9765625, "fast_rcnn/false_negative": 0.046875, "fast_rcnn/fg_cls_accuracy": 0.9453125, "iteration": 1119, "loss_box_reg": 0.12791390717029572, "loss_cls": 0.05423050746321678, "loss_mask": 0.07865745946764946, "loss_rpn_cls": 0.0002491620398359373, "loss_rpn_loc": 0.04154777154326439, "lr": 0.00025, "mask_rcnn/accuracy": 0.9660295758928572, "mask_rcnn/false_negative": 0.025684746160071104, "mask_rcnn/false_positive": 0.050975653944789354, "roi_head/num_bg_samples": 96.0, "roi_head/num_fg_samples": 32.0, "rpn/num_neg_anchors": 128.0, "rpn/num_pos_anchors": 128.0, "time": 0.8981055359997754, "total_loss": 0.3125949455497903}
{"data_time": 0.518883549499833, "eta_seconds": 56.61599923498966, "fast_rcnn/cls_accuracy": 0.978515625, "fast_rcnn/false_negative": 0.046875, "fast_rcnn/fg_cls_accuracy": 0.953125, "iteration": 1139, "loss_box_reg": 0.13745567202568054, "loss_cls": 0.05727612040936947, "loss_mask": 0.07986466214060783, "loss_rpn_cls": 0.000332662501023151, "loss_rpn_loc": 0.04216833598911762, "lr": 0.00025, "mask_rcnn/accuracy": 0.9661092952806123, "mask_rcnn/false_negative": 0.02366576782935563, "mask_rcnn/false_positive": 0.04692358868260607, "roi_head/num_bg_samples": 96.0, "roi_head/num_fg_samples": 32.0, "rpn/num_neg_anchors": 128.0, "rpn/num_pos_anchors": 128.0, "time": 0.8979233959998965, "total_loss": 0.3227122005773708}
{"data_time": 0.5337597590000769, "eta_seconds": 38.05337653499305, "fast_rcnn/cls_accuracy": 0.98046875, "fast_rcnn/false_negative": 0.03125, "fast_rcnn/fg_cls_accuracy": 0.9609375, "iteration": 1159, "loss_box_reg": 0.11762169748544693, "loss_cls": 0.055541571229696274, "loss_mask": 0.07962397485971451, "loss_rpn_cls": 0.00030927819898352027, "loss_rpn_loc": 0.04154092073440552, "lr": 0.00025, "mask_rcnn/accuracy": 0.9659498565051021, "mask_rcnn/false_negative": 0.0238014441796791, "mask_rcnn/false_positive": 0.04828618449672878, "roi_head/num_bg_samples": 96.0, "roi_head/num_fg_samples": 32.0, "rpn/num_neg_anchors": 128.0, "rpn/num_pos_anchors": 128.0, "time": 0.9160389505002513, "total_loss": 0.2918243447347777}
{"data_time": 0.5488810885001385, "eta_seconds": 19.49644350149856, "fast_rcnn/cls_accuracy": 0.98046875, "fast_rcnn/false_negative": 0.046875, "fast_rcnn/fg_cls_accuracy": 0.953125, "iteration": 1179, "loss_box_reg": 0.12705444544553757, "loss_cls": 0.05231528542935848, "loss_mask": 0.08173197135329247, "loss_rpn_cls": 0.0003034385881619528, "loss_rpn_loc": 0.0409263651818037, "lr": 0.00025, "mask_rcnn/accuracy": 0.9654615752551021, "mask_rcnn/false_negative": 0.02463418292678711, "mask_rcnn/false_positive": 0.050201622907099105, "roi_head/num_bg_samples": 96.0, "roi_head/num_fg_samples": 32.0, "rpn/num_neg_anchors": 128.0, "rpn/num_pos_anchors": 128.0, "time": 0.9211143964998882, "total_loss": 0.31066831639327575}
{"data_time": 0.5222515990001284, "eta_seconds": 0.9277095585000552, "fast_rcnn/cls_accuracy": 0.978515625, "fast_rcnn/false_negative": 0.046875, "fast_rcnn/fg_cls_accuracy": 0.9453125, "iteration": 1199, "loss_box_reg": 0.11124564334750175, "loss_cls": 0.05995447374880314, "loss_mask": 0.07301615923643112, "loss_rpn_cls": 0.0002775533212115988, "loss_rpn_loc": 0.04027624428272247, "lr": 0.00025, "mask_rcnn/accuracy": 0.9684510522959184, "mask_rcnn/false_negative": 0.024235864897748365, "mask_rcnn/false_positive": 0.04508478013848766, "roi_head/num_bg_samples": 96.0, "roi_head/num_fg_samples": 32.0, "rpn/num_neg_anchors": 128.0, "rpn/num_pos_anchors": 128.0, "time": 0.9096253134998733, "total_loss": 0.29177388023526873}
