{"data_time": 0.00868443500075955, "eta_seconds": 974.373732380227, "fast_rcnn/cls_accuracy": 0.015625, "fast_rcnn/false_negative": 0.0, "fast_rcnn/fg_cls_accuracy": 0.0625, "iteration": 19, "loss_box_reg": 0.6665988266468048, "loss_cls": 1.6865323781967163, "loss_mask": 0.6920524835586548, "loss_rpn_cls": 0.02864295430481434, "loss_rpn_loc": 0.06300555914640427, "lr": 4.99525e-06, "mask_rcnn/accuracy": 0.45383250956632654, "mask_rcnn/false_negative": 0.8328345109288002, "mask_rcnn/false_positive": 0.011589856544922103, "roi_head/num_bg_samples": 96.0, "roi_head/num_fg_samples": 32.0, "rpn/num_neg_anchors": 128.0, "rpn/num_pos_anchors": 128.0, "time": 1.6799547110003914, "total_loss": 3.1293911579996347}
{"data_time": 0.006751929999154527, "eta_seconds": 928.347096600628, "fast_rcnn/cls_accuracy": 0.037109375, "fast_rcnn/false_negative": 0.125, "fast_rcnn/fg_cls_accuracy": 0.0859375, "iteration": 39, "loss_box_reg": 0.693583756685257, "loss_cls": 1.5519289374351501, "loss_mask": 0.6790214776992798, "loss_rpn_cls": 0.020390663295984268, "loss_rpn_loc": 0.056760676205158234, "lr": 9.99025e-06, "mask_rcnn/accuracy": 0.9499262595663265, "mask_rcnn/false_negative": 0.01118435222117728, "mask_rcnn/false_positive": 0.11482819995081904, "roi_head/num_bg_samples": 96.0, "roi_head/num_fg_samples": 32.0, "rpn/num_neg_anchors": 128.0, "rpn/num_pos_anchors": 128.0, "time": 1.6220460839995212, "total_loss": 2.9814273854717612}
{"data_time": 0.006419702500352287, "eta_seconds": 897.4921880705369, "fast_rcnn/cls_accuracy": 0.564453125, "fast_rcnn/false_negative": 0.8671875, "fast_rcnn/fg_cls_accuracy": 0.03125, "iteration": 59, "loss_box_reg": 0.6915456056594849, "loss_cls": 1.2741299867630005, "loss_mask": 0.6508417725563049, "loss_rpn_cls": 0.011612571775913239, "loss_rpn_loc": 0.05277614668011665, "lr": 1.4985249999999999e-05, "mask_rcnn/accuracy": 0.9355767697704083, "mask_rcnn/false_negative": 0.003161343245250466, "mask_rcnn/false_positive": 0.166615974645804, "roi_head/num_bg_samples": 96.0, "roi_head/num_fg_samples": 32.0, "rpn/num_neg_anchors": 128.0, "rpn/num_pos_anchors": 128.0, "time": 1.6648706479991233, "total_loss": 2.7016623811796308}
{"data_time": 0.0075643295003828825, "eta_seconds": 865.782044919979, "fast_rcnn/cls_accuracy": 0.74609375, "fast_rcnn/false_negative": 1.0, "fast_rcnn/fg_cls_accuracy": 0.0, "iteration": 79, "loss_box_reg": 0.6703517138957977, "loss_cls": 1.0160056352615356, "loss_mask": 0.6105943918228149, "loss_rpn_cls": 0.009289904497563839, "loss_rpn_loc": 0.049245553091168404, "lr": 1.9980250000000002e-05, "mask_rcnn/accuracy": 0.9315509406887755, "mask_rcnn/false_negative": 0.002050307464689582, "mask_rcnn/false_positive": 0.17624447557827716, "roi_head/num_bg_samples": 96.0, "roi_head/num_fg_samples": 32.0, "rpn/num_neg_anchors": 128.0, "rpn/num_pos_anchors": 128.0, "time": 1.6697666799991566, "total_loss": 2.332774521317333}
{"data_time": 0.006949076499950024, "eta_seconds": 832.0710209991375, "fast_rcnn/cls_accuracy": 0.75, "fast_rcnn/false_negative": 1.0, "fast_rcnn/fg_cls_accuracy": 0.0, "iteration": 99, "loss_box_reg": 0.6635327637195587, "loss_cls": 0.8187254369258881, "loss_mask": 0.5642431676387787, "loss_rpn_cls": 0.008386900182813406, "loss_rpn_loc": 0.05007009208202362, "lr": 2.497525e-05, "mask_rcnn/accuracy": 0.9290796396683674, "mask_rcnn/false_negative": 0.001833163496927788, "mask_rcnn/false_positive": 0.19350796784001628, "roi_head/num_bg_samples": 96.0, "roi_head/num_fg_samples": 32.0, "rpn/num_neg_anchors": 128.0, "rpn/num_pos_anchors": 128.0, "time": 1.641484018000483, "total_loss": 2.116892179939896}
{"data_time": 0.006686044500384014, "eta_seconds": 795.4913292004494, "fast_rcnn/cls_accuracy": 0.75, "fast_rcnn/false_negative": 1.0, "fast_rcnn/fg_cls_accuracy": 0.0, "iteration": 119, "loss_box_reg": 0.6667108535766602, "loss_cls": 0.6805406808853149, "loss_mask": 0.5068175196647644, "loss_rpn_cls": 0.012186114676296711, "loss_rpn_loc": 0.049851566553115845, "lr": 2.997025e-05, "mask_rcnn/accuracy": 0.9287906568877551, "mask_rcnn/false_negative": 0.001514174946237439, "mask_rcnn/false_positive": 0.19360592354239242, "roi_head/num_bg_samples": 96.0, "roi_head/num_fg_samples": 32.0, "rpn/num_neg_anchors": 128.0, "rpn/num_pos_anchors": 128.0, "time": 1.650229187498553, "total_loss": 1.9231866314075887}
{"data_time": 0.005930652499955613, "eta_seconds": 759.3125311296899, "fast_rcnn/cls_accuracy": 0.75, "fast_rcnn/false_negative": 1.0, "fast_rcnn/fg_cls_accuracy": 0.0, "iteration": 139, "loss_box_reg": 0.6425434350967407, "loss_cls": 0.6149007678031921, "loss_mask": 0.44674965739250183, "loss_rpn_cls": 0.006224689772352576, "loss_rpn_loc": 0.04960726201534271, "lr": 3.4965250000000005e-05, "mask_rcnn/accuracy": 0.9286910076530612, "mask_rcnn/false_negative": 0.0019788728864847138, "mask_rcnn/false_positive": 0.18600985892766847, "roi_head/num_bg_samples": 96.0, "roi_head/num_fg_samples": 32.0, "rpn/num_neg_anchors": 128.0, "rpn/num_pos_anchors": 128.0, "time": 1.6333205185001134, "total_loss": 1.75557063089218}
{"data_time": 0.006656238499999745, "eta_seconds": 725.241626120187, "fast_rcnn/cls_accuracy": 0.75, "fast_rcnn/false_negative": 1.0, "fast_rcnn/fg_cls_accuracy": 0.0, "iteration": 159, "loss_box_reg": 0.6241558492183685, "loss_cls": 0.5543531179428101, "loss_mask": 0.3898901641368866, "loss_rpn_cls": 0.00400601327419281, "loss_rpn_loc": 0.047699764370918274, "lr": 3.996025e-05, "mask_rcnn/accuracy": 0.929916693239796, "mask_rcnn/false_negative": 0.001422785227377861, "mask_rcnn/false_positive": 0.19307009108132328, "roi_head/num_bg_samples": 96.0, "roi_head/num_fg_samples": 32.0, "rpn/num_neg_anchors": 128.0, "rpn/num_pos_anchors": 128.0, "time": 1.6089942415019323, "total_loss": 1.6456586420536041}
{"data_time": 0.007276432999788085, "eta_seconds": 692.0652998695004, "fast_rcnn/cls_accuracy": 0.75, "fast_rcnn/false_negative": 1.0, "fast_rcnn/fg_cls_accuracy": 0.0, "iteration": 179, "loss_box_reg": 0.613724559545517, "loss_cls": 0.5015602707862854, "loss_mask": 0.3367568999528885, "loss_rpn_cls": 0.004488334525376558, "loss_rpn_loc": 0.049758851528167725, "lr": 4.4955249999999996e-05, "mask_rcnn/accuracy": 0.9300661670918368, "mask_rcnn/false_negative": 0.0018443341004723184, "mask_rcnn/false_positive": 0.19034785173939323, "roi_head/num_bg_samples": 96.0, "roi_head/num_fg_samples": 32.0, "rpn/num_neg_anchors": 128.0, "rpn/num_pos_anchors": 128.0, "time": 1.6450973924984282, "total_loss": 1.5265990761690773}
{"data_time": 0.0071474229989689775, "eta_seconds": 658.2285677999607, "fast_rcnn/cls_accuracy": 0.76953125, "fast_rcnn/false_negative": 0.7734375, "fast_rcnn/fg_cls_accuracy": 0.078125, "iteration": 199, "loss_box_reg": 0.6057919263839722, "loss_cls": 0.46163539588451385, "loss_mask": 0.30087512731552124, "loss_rpn_cls": 0.004003831185400486, "loss_rpn_loc": 0.04825730063021183, "lr": 4.9950250000000005e-05, "mask_rcnn/accuracy": 0.9343311543367347, "mask_rcnn/false_negative": 0.0017542255234667629, "mask_rcnn/false_positive": 0.1788840097796161, "roi_head/num_bg_samples": 96.0, "roi_head/num_fg_samples": 32.0, "rpn/num_neg_anchors": 128.0, "rpn/num_pos_anchors": 128.0, "time": 1.6416799205017014, "total_loss": 1.4171910958830267}
{"data_time": 0.006166750499687623, "eta_seconds": 625.3171394099627, "fast_rcnn/cls_accuracy": 0.822265625, "fast_rcnn/false_negative": 0.59375, "fast_rcnn/fg_cls_accuracy": 0.2890625, "iteration": 219, "loss_box_reg": 0.6022194027900696, "loss_cls": 0.4215952008962631, "loss_mask": 0.259442538022995, "loss_rpn_cls": 0.002588153234682977, "loss_rpn_loc": 0.04840858839452267, "lr": 5.494525e-05, "mask_rcnn/accuracy": 0.9350386639030612, "mask_rcnn/false_negative": 0.0022265912987176352, "mask_rcnn/false_positive": 0.16778430467454408, "roi_head/num_bg_samples": 96.0, "roi_head/num_fg_samples": 32.0, "rpn/num_neg_anchors": 128.0, "rpn/num_pos_anchors": 128.0, "time": 1.6599296200001845, "total_loss": 1.3310650225030258}
{"data_time": 0.006182262501170044, "eta_seconds": 591.8793317997915, "fast_rcnn/cls_accuracy": 0.841796875, "fast_rcnn/false_negative": 0.4296875, "fast_rcnn/fg_cls_accuracy": 0.3671875, "iteration": 239, "loss_box_reg": 0.5602090656757355, "loss_cls": 0.3935830742120743, "loss_mask": 0.22661707550287247, "loss_rpn_cls": 0.0028595817275345325, "loss_rpn_loc": 0.04897785186767578, "lr": 5.994025e-05, "mask_rcnn/accuracy": 0.9365234375, "mask_rcnn/false_negative": 0.0024552618979678488, "mask_rcnn/false_positive": 0.16405071330857923, "roi_head/num_bg_samples": 96.0, "roi_head/num_fg_samples": 32.0, "rpn/num_neg_anchors": 128.0, "rpn/num_pos_anchors": 128.0, "time": 1.6176632109982165, "total_loss": 1.2691809085663408}
{"data_time": 0.006399304998922162, "eta_seconds": 558.9971466998031, "fast_rcnn/cls_accuracy": 0.869140625, "fast_rcnn/false_negative": 0.3203125, "fast_rcnn/fg_cls_accuracy": 0.484375, "iteration": 259, "loss_box_reg": 0.5667749047279358, "loss_cls": 0.3686089664697647, "loss_mask": 0.2060050442814827, "loss_rpn_cls": 0.004210866987705231, "loss_rpn_loc": 0.0490349717438221, "lr": 6.493525e-05, "mask_rcnn/accuracy": 0.9393734056122449, "mask_rcnn/false_negative": 0.003394438258189508, "mask_rcnn/false_positive": 0.15733154367188973, "roi_head/num_bg_samples": 96.0, "roi_head/num_fg_samples": 32.0, "rpn/num_neg_anchors": 128.0, "rpn/num_pos_anchors": 128.0, "time": 1.643824428998414, "total_loss": 1.2061555090476759}
{"data_time": 0.007317141500607249, "eta_seconds": 526.0001031996217, "fast_rcnn/cls_accuracy": 0.8671875, "fast_rcnn/false_negative": 0.28125, "fast_rcnn/fg_cls_accuracy": 0.4765625, "iteration": 279, "loss_box_reg": 0.5275787711143494, "loss_cls": 0.344620481133461, "loss_mask": 0.17925399541854858, "loss_rpn_cls": 0.001947400567587465, "loss_rpn_loc": 0.049426259472966194, "lr": 6.993025000000002e-05, "mask_rcnn/accuracy": 0.94287109375, "mask_rcnn/false_negative": 0.004151514470598718, "mask_rcnn/false_positive": 0.14475645746143745, "roi_head/num_bg_samples": 96.0, "roi_head/num_fg_samples": 32.0, "rpn/num_neg_anchors": 128.0, "rpn/num_pos_anchors": 128.0, "time": 1.6386348489995726, "total_loss": 1.1176560940075433}
{"data_time": 0.006434091497794725, "eta_seconds": 493.1250967496453, "fast_rcnn/cls_accuracy": 0.89453125, "fast_rcnn/false_negative": 0.21875, "fast_rcnn/fg_cls_accuracy": 0.578125, "iteration": 299, "loss_box_reg": 0.5021194219589233, "loss_cls": 0.31245580315589905, "loss_mask": 0.15568245947360992, "loss_rpn_cls": 0.001976213708985597, "loss_rpn_loc": 0.049375467002391815, "lr": 7.492525e-05, "mask_rcnn/accuracy": 0.9482222576530612, "mask_rcnn/false_negative": 0.004714691978239411, "mask_rcnn/false_positive": 0.13129674096966093, "roi_head/num_bg_samples": 96.0, "roi_head/num_fg_samples": 32.0, "rpn/num_neg_anchors": 128.0, "rpn/num_pos_anchors": 128.0, "time": 1.6407069659999252, "total_loss": 1.0268341183546}
{"data_time": 0.008090868499493808, "eta_seconds": 460.04145096019784, "fast_rcnn/cls_accuracy": 0.90625, "fast_rcnn/false_negative": 0.1953125, "fast_rcnn/fg_cls_accuracy": 0.6328125, "iteration": 319, "loss_box_reg": 0.45507587492465973, "loss_cls": 0.29382745921611786, "loss_mask": 0.13908687233924866, "loss_rpn_cls": 0.0015406437451019883, "loss_rpn_loc": 0.048848774284124374, "lr": 7.992025e-05, "mask_rcnn/accuracy": 0.9515704719387754, "mask_rcnn/false_negative": 0.0056859972939910354, "mask_rcnn/false_positive": 0.12802700383533544, "roi_head/num_bg_samples": 96.0, "roi_head/num_fg_samples": 32.0, "rpn/num_neg_anchors": 128.0, "rpn/num_pos_anchors": 128.0, "time": 1.569105672499063, "total_loss": 0.9297761893831193}
{"data_time": 0.007539352998719551, "eta_seconds": 426.5237779405288, "fast_rcnn/cls_accuracy": 0.91015625, "fast_rcnn/false_negative": 0.15625, "fast_rcnn/fg_cls_accuracy": 0.671875, "iteration": 339, "loss_box_reg": 0.4026189595460892, "loss_cls": 0.2596589922904968, "loss_mask": 0.12712806463241577, "loss_rpn_cls": 0.001715274469461292, "loss_rpn_loc": 0.05050615221261978, "lr": 8.491525000000001e-05, "mask_rcnn/accuracy": 0.953872369260204, "mask_rcnn/false_negative": 0.007460475142031112, "mask_rcnn/false_positive": 0.11178386598700736, "roi_head/num_bg_samples": 96.0, "roi_head/num_fg_samples": 32.0, "rpn/num_neg_anchors": 128.0, "rpn/num_pos_anchors": 128.0, "time": 1.6250892309981282, "total_loss": 0.8438886505318806}
{"data_time": 0.0072891075014922535, "eta_seconds": 393.47105676017236, "fast_rcnn/cls_accuracy": 0.916015625, "fast_rcnn/false_negative": 0.140625, "fast_rcnn/fg_cls_accuracy": 0.7109375, "iteration": 359, "loss_box_reg": 0.3120538592338562, "loss_cls": 0.2535618841648102, "loss_mask": 0.11576089635491371, "loss_rpn_cls": 0.0013113512541167438, "loss_rpn_loc": 0.050527408719062805, "lr": 8.991025e-05, "mask_rcnn/accuracy": 0.9570412149234694, "mask_rcnn/false_negative": 0.01106623885277644, "mask_rcnn/false_positive": 0.0993954626549014, "roi_head/num_bg_samples": 96.0, "roi_head/num_fg_samples": 32.0, "rpn/num_neg_anchors": 128.0, "rpn/num_pos_anchors": 128.0, "time": 1.579780383999605, "total_loss": 0.7442397943123069}
{"data_time": 0.006447290998039534, "eta_seconds": 361.1748562401772, "fast_rcnn/cls_accuracy": 0.921875, "fast_rcnn/false_negative": 0.109375, "fast_rcnn/fg_cls_accuracy": 0.7265625, "iteration": 379, "loss_box_reg": 0.24705571681261063, "loss_cls": 0.2224373146891594, "loss_mask": 0.10183508321642876, "loss_rpn_cls": 0.0011075505462940782, "loss_rpn_loc": 0.049740150570869446, "lr": 9.490525e-05, "mask_rcnn/accuracy": 0.9626116071428572, "mask_rcnn/false_negative": 0.015191060452801273, "mask_rcnn/false_positive": 0.07682863013603156, "roi_head/num_bg_samples": 96.0, "roi_head/num_fg_samples": 32.0, "rpn/num_neg_anchors": 128.0, "rpn/num_pos_anchors": 128.0, "time": 1.6825754990004498, "total_loss": 0.6172310364199802}
{"data_time": 0.007535012000516872, "eta_seconds": 328.34077840016107, "fast_rcnn/cls_accuracy": 0.9296875, "fast_rcnn/false_negative": 0.1015625, "fast_rcnn/fg_cls_accuracy": 0.7734375, "iteration": 399, "loss_box_reg": 0.21282337605953217, "loss_cls": 0.20493290573358536, "loss_mask": 0.09731385484337807, "loss_rpn_cls": 0.0013908264809288085, "loss_rpn_loc": 0.04896789789199829, "lr": 9.990025e-05, "mask_rcnn/accuracy": 0.9642956792091837, "mask_rcnn/false_negative": 0.016846335667624057, "mask_rcnn/false_positive": 0.06641901934120174, "roi_head/num_bg_samples": 96.0, "roi_head/num_fg_samples": 32.0, "rpn/num_neg_anchors": 128.0, "rpn/num_pos_anchors": 128.0, "time": 1.6516417555012595, "total_loss": 0.5594181666019722}
{"data_time": 0.0064390810002805665, "eta_seconds": 295.78433796013996, "fast_rcnn/cls_accuracy": 0.93359375, "fast_rcnn/false_negative": 0.078125, "fast_rcnn/fg_cls_accuracy": 0.7734375, "iteration": 419, "loss_box_reg": 0.19812249392271042, "loss_cls": 0.1781829670071602, "loss_mask": 0.09632815420627594, "loss_rpn_cls": 0.0010140386875718832, "loss_rpn_loc": 0.05244643613696098, "lr": 0.00010489525, "mask_rcnn/accuracy": 0.9632095025510204, "mask_rcnn/false_negative": 0.020930392018197536, "mask_rcnn/false_positive": 0.06555122119954788, "roi_head/num_bg_samples": 96.0, "roi_head/num_fg_samples": 32.0, "rpn/num_neg_anchors": 128.0, "rpn/num_pos_anchors": 128.0, "time": 1.6627607859991258, "total_loss": 0.52928705397062}
{"data_time": 0.006415159001335269, "eta_seconds": 262.67262272012886, "fast_rcnn/cls_accuracy": 0.947265625, "fast_rcnn/false_negative": 0.1171875, "fast_rcnn/fg_cls_accuracy": 0.828125, "iteration": 439, "loss_box_reg": 0.18935155123472214, "loss_cls": 0.1654232144355774, "loss_mask": 0.09593313932418823, "loss_rpn_cls": 0.0009121124749071896, "loss_rpn_loc": 0.0480983704328537, "lr": 0.00010989025, "mask_rcnn/accuracy": 0.9629005899234694, "mask_rcnn/false_negative": 0.0193453631306648, "mask_rcnn/false_positive": 0.06999326780082715, "roi_head/num_bg_samples": 96.0, "roi_head/num_fg_samples": 32.0, "rpn/num_neg_anchors": 128.0, "rpn/num_pos_anchors": 128.0, "time": 1.6000064359977841, "total_loss": 0.5024015664239414}
{"data_time": 0.008919448500819271, "eta_seconds": 230.01734798035613, "fast_rcnn/cls_accuracy": 0.947265625, "fast_rcnn/false_negative": 0.078125, "fast_rcnn/fg_cls_accuracy": 0.8203125, "iteration": 459, "loss_box_reg": 0.17927587777376175, "loss_cls": 0.1497943252325058, "loss_mask": 0.09123588725924492, "loss_rpn_cls": 0.0003857617120957002, "loss_rpn_loc": 0.04827257618308067, "lr": 0.00011488525000000001, "mask_rcnn/accuracy": 0.9639070471938775, "mask_rcnn/false_negative": 0.02055223826654131, "mask_rcnn/false_positive": 0.05903880346991232, "roi_head/num_bg_samples": 96.0, "roi_head/num_fg_samples": 32.0, "rpn/num_neg_anchors": 128.0, "rpn/num_pos_anchors": 128.0, "time": 1.6594502289972297, "total_loss": 0.48213672651036177}
{"data_time": 0.006687902998237405, "eta_seconds": 196.87726746000408, "fast_rcnn/cls_accuracy": 0.955078125, "fast_rcnn/false_negative": 0.09375, "fast_rcnn/fg_cls_accuracy": 0.859375, "iteration": 479, "loss_box_reg": 0.16038955748081207, "loss_cls": 0.12384235486388206, "loss_mask": 0.08668938651680946, "loss_rpn_cls": 0.0007362680335063487, "loss_rpn_loc": 0.050615034997463226, "lr": 0.00011988025, "mask_rcnn/accuracy": 0.9667071906887755, "mask_rcnn/false_negative": 0.020547328873963103, "mask_rcnn/false_positive": 0.058998216988066364, "roi_head/num_bg_samples": 96.0, "roi_head/num_fg_samples": 32.0, "rpn/num_neg_anchors": 128.0, "rpn/num_pos_anchors": 128.0, "time": 1.6266916309996304, "total_loss": 0.4338320128445048}
{"data_time": 0.006606231499972637, "eta_seconds": 164.17038920008054, "fast_rcnn/cls_accuracy": 0.958984375, "fast_rcnn/false_negative": 0.0703125, "fast_rcnn/fg_cls_accuracy": 0.8671875, "iteration": 499, "loss_box_reg": 0.1622096598148346, "loss_cls": 0.12144641950726509, "loss_mask": 0.09094022214412689, "loss_rpn_cls": 0.00035928313445765525, "loss_rpn_loc": 0.04807952418923378, "lr": 0.00012487525, "mask_rcnn/accuracy": 0.9637874681122449, "mask_rcnn/false_negative": 0.023024231626684318, "mask_rcnn/false_positive": 0.06007068673642964, "roi_head/num_bg_samples": 96.0, "roi_head/num_fg_samples": 32.0, "rpn/num_neg_anchors": 128.0, "rpn/num_pos_anchors": 128.0, "time": 1.655038468001294, "total_loss": 0.40810580646575545}
{"data_time": 0.006543808500282466, "eta_seconds": 131.4384845602035, "fast_rcnn/cls_accuracy": 0.9609375, "fast_rcnn/false_negative": 0.0859375, "fast_rcnn/fg_cls_accuracy": 0.875, "iteration": 519, "loss_box_reg": 0.1615089774131775, "loss_cls": 0.10208119824528694, "loss_mask": 0.08672935515642166, "loss_rpn_cls": 0.0003040215524379164, "loss_rpn_loc": 0.04632352665066719, "lr": 0.00012987025, "mask_rcnn/accuracy": 0.9665876116071428, "mask_rcnn/false_negative": 0.022237759112219722, "mask_rcnn/false_positive": 0.05261356020896841, "roi_head/num_bg_samples": 96.0, "roi_head/num_fg_samples": 32.0, "rpn/num_neg_anchors": 128.0, "rpn/num_pos_anchors": 128.0, "time": 1.6492343575009727, "total_loss": 0.4054355436237529}
{"data_time": 0.007207647498944425, "eta_seconds": 98.57886342015263, "fast_rcnn/cls_accuracy": 0.966796875, "fast_rcnn/false_negative": 0.0703125, "fast_rcnn/fg_cls_accuracy": 0.90625, "iteration": 539, "loss_box_reg": 0.18377990275621414, "loss_cls": 0.09043367952108383, "loss_mask": 0.08848004043102264, "loss_rpn_cls": 0.0007218185637611896, "loss_rpn_loc": 0.04789319448173046, "lr": 0.00013486525000000002, "mask_rcnn/accuracy": 0.9642558195153061, "mask_rcnn/false_negative": 0.02328835933238911, "mask_rcnn/false_positive": 0.05977443530240259, "roi_head/num_bg_samples": 96.0, "roi_head/num_fg_samples": 32.0, "rpn/num_neg_anchors": 128.0, "rpn/num_pos_anchors": 128.0, "time": 1.6500319014994602, "total_loss": 0.40941960117197596}
{"data_time": 0.009149064999292023, "eta_seconds": 65.73242195998318, "fast_rcnn/cls_accuracy": 0.96484375, "fast_rcnn/false_negative": 0.0859375, "fast_rcnn/fg_cls_accuracy": 0.890625, "iteration": 559, "loss_box_reg": 0.16536864638328552, "loss_cls": 0.09640390053391457, "loss_mask": 0.08821236714720726, "loss_rpn_cls": 0.0009902656311169267, "loss_rpn_loc": 0.04820024594664574, "lr": 0.00013986025, "mask_rcnn/accuracy": 0.9650629783163265, "mask_rcnn/false_negative": 0.02155943076958313, "mask_rcnn/false_positive": 0.054946565496128474, "roi_head/num_bg_samples": 96.0, "roi_head/num_fg_samples": 32.0, "rpn/num_neg_anchors": 128.0, "rpn/num_pos_anchors": 128.0, "time": 1.6603953989997535, "total_loss": 0.402368810158805}
{"data_time": 0.006583596501513966, "eta_seconds": 32.86945806998119, "fast_rcnn/cls_accuracy": 0.970703125, "fast_rcnn/false_negative": 0.0625, "fast_rcnn/fg_cls_accuracy": 0.890625, "iteration": 579, "loss_box_reg": 0.1611165553331375, "loss_cls": 0.10173321887850761, "loss_mask": 0.08747880160808563, "loss_rpn_cls": 0.0005858755903318524, "loss_rpn_loc": 0.04537120461463928, "lr": 0.00014485525, "mask_rcnn/accuracy": 0.9642657844387755, "mask_rcnn/false_negative": 0.023577859416980818, "mask_rcnn/false_positive": 0.05561214157520375, "roi_head/num_bg_samples": 96.0, "roi_head/num_fg_samples": 32.0, "rpn/num_neg_anchors": 128.0, "rpn/num_pos_anchors": 128.0, "time": 1.6734308439972665, "total_loss": 0.37913705021492206}
{"data_time": 0.006867980500828708, "eta_seconds": 0.0, "fast_rcnn/cls_accuracy": 0.970703125, "fast_rcnn/false_negative": 0.0703125, "fast_rcnn/fg_cls_accuracy": 0.9140625, "iteration": 599, "loss_box_reg": 0.15757858753204346, "loss_cls": 0.09461956843733788, "loss_mask": 0.08710794895887375, "loss_rpn_cls": 0.0009155833104159683, "loss_rpn_loc": 0.046147892251610756, "lr": 0.00014985025, "mask_rcnn/accuracy": 0.9645946269132654, "mask_rcnn/false_negative": 0.024363723442190323, "mask_rcnn/false_positive": 0.053072910207462055, "roi_head/num_bg_samples": 96.0, "roi_head/num_fg_samples": 32.0, "rpn/num_neg_anchors": 128.0, "rpn/num_pos_anchors": 128.0, "time": 1.6537923209998553, "total_loss": 0.38414888590341434}
