{"data_time": 0.00696658300148556, "eta_seconds": 1417.9090943608026, "fast_rcnn/cls_accuracy": 0.12890625, "fast_rcnn/false_negative": 0.1484375, "fast_rcnn/fg_cls_accuracy": 0.2578125, "iteration": 19, "loss_box_reg": 0.6712436378002167, "loss_cls": 1.4208961129188538, "loss_mask": 0.6927665770053864, "loss_rpn_cls": 0.02780208457261324, "loss_rpn_loc": 0.06170026212930679, "lr": 4.99525e-06, "mask_rcnn/accuracy": 0.5806261957908163, "mask_rcnn/false_negative": 0.0903847364176483, "mask_rcnn/false_positive": 0.9949405071856404, "roi_head/num_bg_samples": 96.0, "roi_head/num_fg_samples": 32.0, "rpn/num_neg_anchors": 128.0, "rpn/num_pos_anchors": 128.0, "time": 1.611260334500912, "total_loss": 2.8946971390396357}
{"data_time": 0.006221735000508488, "eta_seconds": 1413.8118444595602, "fast_rcnn/cls_accuracy": 0.373046875, "fast_rcnn/false_negative": 0.5625, "fast_rcnn/fg_cls_accuracy": 0.1171875, "iteration": 39, "loss_box_reg": 0.6766754686832428, "loss_cls": 1.3214462995529175, "loss_mask": 0.6791737079620361, "loss_rpn_cls": 0.01906905137002468, "loss_rpn_loc": 0.054786279797554016, "lr": 9.99025e-06, "mask_rcnn/accuracy": 0.6444913903061225, "mask_rcnn/false_negative": 0.02926169894288868, "mask_rcnn/false_positive": 0.9916649841548486, "roi_head/num_bg_samples": 96.0, "roi_head/num_fg_samples": 32.0, "rpn/num_neg_anchors": 128.0, "rpn/num_pos_anchors": 128.0, "time": 1.6640030599992315, "total_loss": 2.7672110870480537}
{"data_time": 0.007056563499645563, "eta_seconds": 1380.9324992395705, "fast_rcnn/cls_accuracy": 0.732421875, "fast_rcnn/false_negative": 0.984375, "fast_rcnn/fg_cls_accuracy": 0.0, "iteration": 59, "loss_box_reg": 0.6960245370864868, "loss_cls": 1.1041414141654968, "loss_mask": 0.6516754925251007, "loss_rpn_cls": 0.014953429345041513, "loss_rpn_loc": 0.05313371494412422, "lr": 1.4985249999999999e-05, "mask_rcnn/accuracy": 0.7610112404336735, "mask_rcnn/false_negative": 0.0071575361935289645, "mask_rcnn/false_positive": 0.635417486916209, "roi_head/num_bg_samples": 96.0, "roi_head/num_fg_samples": 32.0, "rpn/num_neg_anchors": 128.0, "rpn/num_pos_anchors": 128.0, "time": 1.6528496529990662, "total_loss": 2.5303627527318895}
{"data_time": 0.007467204499334912, "eta_seconds": 1346.2606803495146, "fast_rcnn/cls_accuracy": 0.75, "fast_rcnn/false_negative": 1.0, "fast_rcnn/fg_cls_accuracy": 0.0, "iteration": 79, "loss_box_reg": 0.6876715123653412, "loss_cls": 0.8954006433486938, "loss_mask": 0.6158902943134308, "loss_rpn_cls": 0.010515022091567516, "loss_rpn_loc": 0.051226016134023666, "lr": 1.9980250000000002e-05, "mask_rcnn/accuracy": 0.8977499202806123, "mask_rcnn/false_negative": 0.0005023617569228963, "mask_rcnn/false_positive": 0.2716194340607007, "roi_head/num_bg_samples": 96.0, "roi_head/num_fg_samples": 32.0, "rpn/num_neg_anchors": 128.0, "rpn/num_pos_anchors": 128.0, "time": 1.641781317499408, "total_loss": 2.2251394810155034}
{"data_time": 0.00717697300024156, "eta_seconds": 1313.4250539995264, "fast_rcnn/cls_accuracy": 0.75, "fast_rcnn/false_negative": 1.0, "fast_rcnn/fg_cls_accuracy": 0.0, "iteration": 99, "loss_box_reg": 0.6688534617424011, "loss_cls": 0.7370269298553467, "loss_mask": 0.5592260360717773, "loss_rpn_cls": 0.009884707629680634, "loss_rpn_loc": 0.050741225481033325, "lr": 2.497525e-05, "mask_rcnn/accuracy": 0.916553730867347, "mask_rcnn/false_negative": 0.001025475669583154, "mask_rcnn/false_positive": 0.23716133938300762, "roi_head/num_bg_samples": 96.0, "roi_head/num_fg_samples": 32.0, "rpn/num_neg_anchors": 128.0, "rpn/num_pos_anchors": 128.0, "time": 1.6332133790019725, "total_loss": 2.035889842780307}
{"data_time": 0.006504536000647931, "eta_seconds": 1281.2858732704626, "fast_rcnn/cls_accuracy": 0.75, "fast_rcnn/false_negative": 1.0, "fast_rcnn/fg_cls_accuracy": 0.0, "iteration": 119, "loss_box_reg": 0.6662152111530304, "loss_cls": 0.634806215763092, "loss_mask": 0.5078738033771515, "loss_rpn_cls": 0.008289337623864412, "loss_rpn_loc": 0.048595841974020004, "lr": 2.997025e-05, "mask_rcnn/accuracy": 0.9176996970663265, "mask_rcnn/false_negative": 0.0008144743760833621, "mask_rcnn/false_positive": 0.22605800258996817, "roi_head/num_bg_samples": 96.0, "roi_head/num_fg_samples": 32.0, "rpn/num_neg_anchors": 128.0, "rpn/num_pos_anchors": 128.0, "time": 1.6510544539996772, "total_loss": 1.87407013354823}
{"data_time": 0.006792866999603575, "eta_seconds": 1249.728222400372, "fast_rcnn/cls_accuracy": 0.75, "fast_rcnn/false_negative": 1.0, "fast_rcnn/fg_cls_accuracy": 0.0, "iteration": 139, "loss_box_reg": 0.6661636233329773, "loss_cls": 0.5727360546588898, "loss_mask": 0.4455144554376602, "loss_rpn_cls": 0.004727640422061086, "loss_rpn_loc": 0.050377510488033295, "lr": 3.4965250000000005e-05, "mask_rcnn/accuracy": 0.9245157047193877, "mask_rcnn/false_negative": 0.0014399398920530088, "mask_rcnn/false_positive": 0.21270312255887708, "roi_head/num_bg_samples": 96.0, "roi_head/num_fg_samples": 32.0, "rpn/num_neg_anchors": 128.0, "rpn/num_pos_anchors": 128.0, "time": 1.6579956779987697, "total_loss": 1.766700169420801}
{"data_time": 0.006886819997816929, "eta_seconds": 1218.1584547602688, "fast_rcnn/cls_accuracy": 0.75, "fast_rcnn/false_negative": 1.0, "fast_rcnn/fg_cls_accuracy": 0.0, "iteration": 159, "loss_box_reg": 0.6387313306331635, "loss_cls": 0.5182559490203857, "loss_mask": 0.3882264345884323, "loss_rpn_cls": 0.007762337336316705, "loss_rpn_loc": 0.05005692131817341, "lr": 3.996025e-05, "mask_rcnn/accuracy": 0.9230508609693877, "mask_rcnn/false_negative": 0.001461552696844975, "mask_rcnn/false_positive": 0.20917608549886146, "roi_head/num_bg_samples": 96.0, "roi_head/num_fg_samples": 32.0, "rpn/num_neg_anchors": 128.0, "rpn/num_pos_anchors": 128.0, "time": 1.6552553245019226, "total_loss": 1.6167979259626009}
{"data_time": 0.009696523502498167, "eta_seconds": 1185.2352532802615, "fast_rcnn/cls_accuracy": 0.7578125, "fast_rcnn/false_negative": 0.9453125, "fast_rcnn/fg_cls_accuracy": 0.03125, "iteration": 179, "loss_box_reg": 0.6413276791572571, "loss_cls": 0.48090796172618866, "loss_mask": 0.3435570150613785, "loss_rpn_cls": 0.004310704302042723, "loss_rpn_loc": 0.04908791929483414, "lr": 4.4955249999999996e-05, "mask_rcnn/accuracy": 0.9242964764030612, "mask_rcnn/false_negative": 0.0017236295705983164, "mask_rcnn/false_positive": 0.20124098173477065, "roi_head/num_bg_samples": 96.0, "roi_head/num_fg_samples": 32.0, "rpn/num_neg_anchors": 128.0, "rpn/num_pos_anchors": 128.0, "time": 1.6272017325009074, "total_loss": 1.5235169203951955}
{"data_time": 0.007209807998151518, "eta_seconds": 1152.3120518002543, "fast_rcnn/cls_accuracy": 0.787109375, "fast_rcnn/false_negative": 0.7421875, "fast_rcnn/fg_cls_accuracy": 0.1484375, "iteration": 199, "loss_box_reg": 0.643821656703949, "loss_cls": 0.4483814984560013, "loss_mask": 0.30387428402900696, "loss_rpn_cls": 0.004366498556919396, "loss_rpn_loc": 0.04795064590871334, "lr": 4.9950250000000005e-05, "mask_rcnn/accuracy": 0.9266581632653061, "mask_rcnn/false_negative": 0.0018663417355784155, "mask_rcnn/false_positive": 0.20240921172844364, "roi_head/num_bg_samples": 96.0, "roi_head/num_fg_samples": 32.0, "rpn/num_neg_anchors": 128.0, "rpn/num_pos_anchors": 128.0, "time": 1.6461042900009488, "total_loss": 1.4345405962085351}
{"data_time": 0.006938915999853634, "eta_seconds": 1117.8875082405284, "fast_rcnn/cls_accuracy": 0.830078125, "fast_rcnn/false_negative": 0.5703125, "fast_rcnn/fg_cls_accuracy": 0.3203125, "iteration": 219, "loss_box_reg": 0.6243611872196198, "loss_cls": 0.4049280434846878, "loss_mask": 0.2542451024055481, "loss_rpn_cls": 0.0036359205842018127, "loss_rpn_loc": 0.05052967928349972, "lr": 5.494525e-05, "mask_rcnn/accuracy": 0.9316705197704083, "mask_rcnn/false_negative": 0.0021733842251428445, "mask_rcnn/false_positive": 0.19002593065989765, "roi_head/num_bg_samples": 96.0, "roi_head/num_fg_samples": 32.0, "rpn/num_neg_anchors": 128.0, "rpn/num_pos_anchors": 128.0, "time": 1.5965345465010614, "total_loss": 1.3403493352234364}
{"data_time": 0.006468531999416882, "eta_seconds": 1085.5441330797112, "fast_rcnn/cls_accuracy": 0.849609375, "fast_rcnn/false_negative": 0.3671875, "fast_rcnn/fg_cls_accuracy": 0.3984375, "iteration": 239, "loss_box_reg": 0.6051071286201477, "loss_cls": 0.3721305727958679, "loss_mask": 0.21956536918878555, "loss_rpn_cls": 0.0027364357374608517, "loss_rpn_loc": 0.04784867912530899, "lr": 5.994025e-05, "mask_rcnn/accuracy": 0.9361248405612245, "mask_rcnn/false_negative": 0.00251824018535935, "mask_rcnn/false_positive": 0.1653555764239698, "roi_head/num_bg_samples": 96.0, "roi_head/num_fg_samples": 32.0, "rpn/num_neg_anchors": 128.0, "rpn/num_pos_anchors": 128.0, "time": 1.6499419225001475, "total_loss": 1.2373058397788554}
{"data_time": 0.00717140750020917, "eta_seconds": 1052.1294195204973, "fast_rcnn/cls_accuracy": 0.890625, "fast_rcnn/false_negative": 0.2734375, "fast_rcnn/fg_cls_accuracy": 0.5703125, "iteration": 259, "loss_box_reg": 0.5554829835891724, "loss_cls": 0.3393259346485138, "loss_mask": 0.19752954691648483, "loss_rpn_cls": 0.0024376967921853065, "loss_rpn_loc": 0.04864723049104214, "lr": 6.493525e-05, "mask_rcnn/accuracy": 0.9373804209183674, "mask_rcnn/false_negative": 0.0033536639250634987, "mask_rcnn/false_positive": 0.17142397584845898, "roi_head/num_bg_samples": 96.0, "roi_head/num_fg_samples": 32.0, "rpn/num_neg_anchors": 128.0, "rpn/num_pos_anchors": 128.0, "time": 1.6264966885009926, "total_loss": 1.1512890697922558}
{"data_time": 0.006897657998706563, "eta_seconds": 1019.2503751604818, "fast_rcnn/cls_accuracy": 0.892578125, "fast_rcnn/false_negative": 0.21875, "fast_rcnn/fg_cls_accuracy": 0.59375, "iteration": 279, "loss_box_reg": 0.531278669834137, "loss_cls": 0.3065826743841171, "loss_mask": 0.17213145643472672, "loss_rpn_cls": 0.0017996538081206381, "loss_rpn_loc": 0.04767036810517311, "lr": 6.993025000000002e-05, "mask_rcnn/accuracy": 0.9440569196428572, "mask_rcnn/false_negative": 0.0038342957020316183, "mask_rcnn/false_positive": 0.1523244662103252, "roi_head/num_bg_samples": 96.0, "roi_head/num_fg_samples": 32.0, "rpn/num_neg_anchors": 128.0, "rpn/num_pos_anchors": 128.0, "time": 1.642730613499225, "total_loss": 1.0757831437513232}
{"data_time": 0.007468916001016623, "eta_seconds": 986.8583027997374, "fast_rcnn/cls_accuracy": 0.9140625, "fast_rcnn/false_negative": 0.171875, "fast_rcnn/fg_cls_accuracy": 0.671875, "iteration": 299, "loss_box_reg": 0.46886229515075684, "loss_cls": 0.28206874430179596, "loss_mask": 0.15049242228269577, "loss_rpn_cls": 0.0034640951780602336, "loss_rpn_loc": 0.04987979307770729, "lr": 7.492525e-05, "mask_rcnn/accuracy": 0.9502551020408163, "mask_rcnn/false_negative": 0.005689212447988601, "mask_rcnn/false_positive": 0.13415719642272667, "roi_head/num_bg_samples": 96.0, "roi_head/num_fg_samples": 32.0, "rpn/num_neg_anchors": 128.0, "rpn/num_pos_anchors": 128.0, "time": 1.6712314209980832, "total_loss": 0.9578718837583438}
{"data_time": 0.00729540599968459, "eta_seconds": 952.6790057996914, "fast_rcnn/cls_accuracy": 0.923828125, "fast_rcnn/false_negative": 0.15625, "fast_rcnn/fg_cls_accuracy": 0.7109375, "iteration": 319, "loss_box_reg": 0.4177355468273163, "loss_cls": 0.25520043075084686, "loss_mask": 0.12893187999725342, "loss_rpn_cls": 0.002682380727492273, "loss_rpn_loc": 0.05227237194776535, "lr": 7.992025e-05, "mask_rcnn/accuracy": 0.9535933514030612, "mask_rcnn/false_negative": 0.007350199242075469, "mask_rcnn/false_positive": 0.1141112017369724, "roi_head/num_bg_samples": 96.0, "roi_head/num_fg_samples": 32.0, "rpn/num_neg_anchors": 128.0, "rpn/num_pos_anchors": 128.0, "time": 1.611622256499686, "total_loss": 0.8613508029375225}
{"data_time": 0.009644122499594232, "eta_seconds": 919.207162719249, "fast_rcnn/cls_accuracy": 0.931640625, "fast_rcnn/false_negative": 0.125, "fast_rcnn/fg_cls_accuracy": 0.734375, "iteration": 339, "loss_box_reg": 0.3317980617284775, "loss_cls": 0.24007245898246765, "loss_mask": 0.117365512996912, "loss_rpn_cls": 0.001965048024430871, "loss_rpn_loc": 0.048485202714800835, "lr": 8.491525000000001e-05, "mask_rcnn/accuracy": 0.9572704081632653, "mask_rcnn/false_negative": 0.009614108736126059, "mask_rcnn/false_positive": 0.10109071006706088, "roi_head/num_bg_samples": 96.0, "roi_head/num_fg_samples": 32.0, "rpn/num_neg_anchors": 128.0, "rpn/num_pos_anchors": 128.0, "time": 1.6205808150007215, "total_loss": 0.7262249533087015}
{"data_time": 0.007366242500211229, "eta_seconds": 886.5619114496803, "fast_rcnn/cls_accuracy": 0.92578125, "fast_rcnn/false_negative": 0.125, "fast_rcnn/fg_cls_accuracy": 0.7421875, "iteration": 359, "loss_box_reg": 0.27059365808963776, "loss_cls": 0.22825108468532562, "loss_mask": 0.1004817895591259, "loss_rpn_cls": 0.0013225164148025215, "loss_rpn_loc": 0.0500908549875021, "lr": 8.991025e-05, "mask_rcnn/accuracy": 0.9620934311224489, "mask_rcnn/false_negative": 0.01609130962729459, "mask_rcnn/false_positive": 0.07716419153562346, "roi_head/num_bg_samples": 96.0, "roi_head/num_fg_samples": 32.0, "rpn/num_neg_anchors": 128.0, "rpn/num_pos_anchors": 128.0, "time": 1.64830137449826, "total_loss": 0.638630256151373}
{"data_time": 0.007152367499656975, "eta_seconds": 854.1260051997233, "fast_rcnn/cls_accuracy": 0.935546875, "fast_rcnn/false_negative": 0.1015625, "fast_rcnn/fg_cls_accuracy": 0.8046875, "iteration": 379, "loss_box_reg": 0.22975510358810425, "loss_cls": 0.1958276480436325, "loss_mask": 0.10291406884789467, "loss_rpn_cls": 0.0008556473476346582, "loss_rpn_loc": 0.04972376674413681, "lr": 9.490525e-05, "mask_rcnn/accuracy": 0.9610670440051021, "mask_rcnn/false_negative": 0.01973352290455148, "mask_rcnn/false_positive": 0.07338934255500074, "roi_head/num_bg_samples": 96.0, "roi_head/num_fg_samples": 32.0, "rpn/num_neg_anchors": 128.0, "rpn/num_pos_anchors": 128.0, "time": 1.6665071995012113, "total_loss": 0.5890815398088307}
{"data_time": 0.007033719501123414, "eta_seconds": 821.2750049997339, "fast_rcnn/cls_accuracy": 0.94921875, "fast_rcnn/false_negative": 0.078125, "fast_rcnn/fg_cls_accuracy": 0.84375, "iteration": 399, "loss_box_reg": 0.1967608779668808, "loss_cls": 0.1661459505558014, "loss_mask": 0.09513076022267342, "loss_rpn_cls": 0.00105687027098611, "loss_rpn_loc": 0.050343479961156845, "lr": 9.990025e-05, "mask_rcnn/accuracy": 0.9637874681122449, "mask_rcnn/false_negative": 0.01987479914209418, "mask_rcnn/false_positive": 0.06677729549846931, "roi_head/num_bg_samples": 96.0, "roi_head/num_fg_samples": 32.0, "rpn/num_neg_anchors": 128.0, "rpn/num_pos_anchors": 128.0, "time": 1.6439309360011976, "total_loss": 0.5139474722527666}
{"data_time": 0.005737409499488422, "eta_seconds": 788.7124087198754, "fast_rcnn/cls_accuracy": 0.947265625, "fast_rcnn/false_negative": 0.0859375, "fast_rcnn/fg_cls_accuracy": 0.8203125, "iteration": 419, "loss_box_reg": 0.19659829139709473, "loss_cls": 0.1542322188615799, "loss_mask": 0.09538883715867996, "loss_rpn_cls": 0.0009723542898427695, "loss_rpn_loc": 0.04947466030716896, "lr": 0.00010489525, "mask_rcnn/accuracy": 0.9622429049744898, "mask_rcnn/false_negative": 0.019791140329378523, "mask_rcnn/false_positive": 0.07094286246101203, "roi_head/num_bg_samples": 96.0, "roi_head/num_fg_samples": 32.0, "rpn/num_neg_anchors": 128.0, "rpn/num_pos_anchors": 128.0, "time": 1.6526216290021694, "total_loss": 0.4992631429922767}
{"data_time": 0.006949629500013543, "eta_seconds": 755.3537433001475, "fast_rcnn/cls_accuracy": 0.958984375, "fast_rcnn/false_negative": 0.0625, "fast_rcnn/fg_cls_accuracy": 0.859375, "iteration": 439, "loss_box_reg": 0.1817028671503067, "loss_cls": 0.12914817035198212, "loss_mask": 0.09178697317838669, "loss_rpn_cls": 0.0015913322567939758, "loss_rpn_loc": 0.0485796220600605, "lr": 0.00010989025, "mask_rcnn/accuracy": 0.9641761001275511, "mask_rcnn/false_negative": 0.020578301547016488, "mask_rcnn/false_positive": 0.06302105295966545, "roi_head/num_bg_samples": 96.0, "roi_head/num_fg_samples": 32.0, "rpn/num_neg_anchors": 128.0, "rpn/num_pos_anchors": 128.0, "time": 1.6124034789991128, "total_loss": 0.4515221265028231}
{"data_time": 0.006978513498324901, "eta_seconds": 722.5122762001411, "fast_rcnn/cls_accuracy": 0.958984375, "fast_rcnn/false_negative": 0.078125, "fast_rcnn/fg_cls_accuracy": 0.890625, "iteration": 459, "loss_box_reg": 0.17265084385871887, "loss_cls": 0.11885904520750046, "loss_mask": 0.09089750051498413, "loss_rpn_cls": 0.0018532371614128351, "loss_rpn_loc": 0.04905252531170845, "lr": 0.00011488525000000001, "mask_rcnn/accuracy": 0.9642757493622449, "mask_rcnn/false_negative": 0.021199666987133103, "mask_rcnn/false_positive": 0.06126991253833531, "roi_head/num_bg_samples": 96.0, "roi_head/num_fg_samples": 32.0, "rpn/num_neg_anchors": 128.0, "rpn/num_pos_anchors": 128.0, "time": 1.6314774974998727, "total_loss": 0.43869651842396706}
{"data_time": 0.006886823000968434, "eta_seconds": 689.8710041997765, "fast_rcnn/cls_accuracy": 0.958984375, "fast_rcnn/false_negative": 0.0703125, "fast_rcnn/fg_cls_accuracy": 0.890625, "iteration": 479, "loss_box_reg": 0.1711595207452774, "loss_cls": 0.11610284075140953, "loss_mask": 0.0930737815797329, "loss_rpn_cls": 0.0008842211682349443, "loss_rpn_loc": 0.046341776847839355, "lr": 0.00011988025, "mask_rcnn/accuracy": 0.964485012755102, "mask_rcnn/false_negative": 0.019897588502841446, "mask_rcnn/false_positive": 0.06139714561694864, "roi_head/num_bg_samples": 96.0, "roi_head/num_fg_samples": 32.0, "rpn/num_neg_anchors": 128.0, "rpn/num_pos_anchors": 128.0, "time": 1.6496799845008354, "total_loss": 0.4368074926751433}
{"data_time": 0.009357903501950204, "eta_seconds": 657.5131489997148, "fast_rcnn/cls_accuracy": 0.95703125, "fast_rcnn/false_negative": 0.0859375, "fast_rcnn/fg_cls_accuracy": 0.859375, "iteration": 499, "loss_box_reg": 0.170725516974926, "loss_cls": 0.1123693697154522, "loss_mask": 0.09299387410283089, "loss_rpn_cls": 0.00048221892211586237, "loss_rpn_loc": 0.04945489205420017, "lr": 0.00012487525, "mask_rcnn/accuracy": 0.962173150510204, "mask_rcnn/false_negative": 0.022409052108963406, "mask_rcnn/false_positive": 0.0633812178771099, "roi_head/num_bg_samples": 96.0, "roi_head/num_fg_samples": 32.0, "rpn/num_neg_anchors": 128.0, "rpn/num_pos_anchors": 128.0, "time": 1.6756144674982352, "total_loss": 0.43744864701875485}
{"data_time": 0.00735799850008334, "eta_seconds": 624.637491549729, "fast_rcnn/cls_accuracy": 0.96484375, "fast_rcnn/false_negative": 0.0625, "fast_rcnn/fg_cls_accuracy": 0.8984375, "iteration": 519, "loss_box_reg": 0.1654239296913147, "loss_cls": 0.09725360572338104, "loss_mask": 0.08952991291880608, "loss_rpn_cls": 0.0005212509131524712, "loss_rpn_loc": 0.048591768369078636, "lr": 0.00012987025, "mask_rcnn/accuracy": 0.9638372927295918, "mask_rcnn/false_negative": 0.024176555541999344, "mask_rcnn/false_positive": 0.05828087576956185, "roi_head/num_bg_samples": 96.0, "roi_head/num_fg_samples": 32.0, "rpn/num_neg_anchors": 128.0, "rpn/num_pos_anchors": 128.0, "time": 1.6348446155006968, "total_loss": 0.41190365169313736}
{"data_time": 0.006903207500727149, "eta_seconds": 591.558922619879, "fast_rcnn/cls_accuracy": 0.966796875, "fast_rcnn/false_negative": 0.078125, "fast_rcnn/fg_cls_accuracy": 0.90625, "iteration": 539, "loss_box_reg": 0.1598980501294136, "loss_cls": 0.09703189134597778, "loss_mask": 0.08965102583169937, "loss_rpn_cls": 0.00032466040283907205, "loss_rpn_loc": 0.04689308814704418, "lr": 0.00013486525000000002, "mask_rcnn/accuracy": 0.9639070471938775, "mask_rcnn/false_negative": 0.022029627208296806, "mask_rcnn/false_positive": 0.05999729046595735, "roi_head/num_bg_samples": 96.0, "roi_head/num_fg_samples": 32.0, "rpn/num_neg_anchors": 128.0, "rpn/num_pos_anchors": 128.0, "time": 1.6412444354991749, "total_loss": 0.3895516758275335}
{"data_time": 0.007778053000947693, "eta_seconds": 558.5765751997315, "fast_rcnn/cls_accuracy": 0.96484375, "fast_rcnn/false_negative": 0.078125, "fast_rcnn/fg_cls_accuracy": 0.890625, "iteration": 559, "loss_box_reg": 0.15981992334127426, "loss_cls": 0.09916288778185844, "loss_mask": 0.08714496344327927, "loss_rpn_cls": 0.000873861281434074, "loss_rpn_loc": 0.04701037332415581, "lr": 0.00013986025, "mask_rcnn/accuracy": 0.9648836096938775, "mask_rcnn/false_negative": 0.022595183810421166, "mask_rcnn/false_positive": 0.05578869218200766, "roi_head/num_bg_samples": 96.0, "roi_head/num_fg_samples": 32.0, "rpn/num_neg_anchors": 128.0, "rpn/num_pos_anchors": 128.0, "time": 1.6349962900003447, "total_loss": 0.3969695826090174}
{"data_time": 0.007402868497592863, "eta_seconds": 526.0105191997718, "fast_rcnn/cls_accuracy": 0.96484375, "fast_rcnn/false_negative": 0.0859375, "fast_rcnn/fg_cls_accuracy": 0.890625, "iteration": 579, "loss_box_reg": 0.1588645875453949, "loss_cls": 0.09382475912570953, "loss_mask": 0.08485788479447365, "loss_rpn_cls": 0.0003172031429130584, "loss_rpn_loc": 0.04739680886268616, "lr": 0.00014485525, "mask_rcnn/accuracy": 0.9664082429846939, "mask_rcnn/false_negative": 0.022902892380407415, "mask_rcnn/false_positive": 0.052127647270928015, "roi_head/num_bg_samples": 96.0, "roi_head/num_fg_samples": 32.0, "rpn/num_neg_anchors": 128.0, "rpn/num_pos_anchors": 128.0, "time": 1.6817081840017636, "total_loss": 0.38765089702792466}
{"data_time": 0.006728285501594655, "eta_seconds": 492.9657688498992, "fast_rcnn/cls_accuracy": 0.97265625, "fast_rcnn/false_negative": 0.0625, "fast_rcnn/fg_cls_accuracy": 0.921875, "iteration": 599, "loss_box_reg": 0.15962184220552444, "loss_cls": 0.08474509045481682, "loss_mask": 0.0852498896420002, "loss_rpn_cls": 0.00039200307219289243, "loss_rpn_loc": 0.0453835092484951, "lr": 0.00014985025, "mask_rcnn/accuracy": 0.9650928730867347, "mask_rcnn/false_negative": 0.023882193736379016, "mask_rcnn/false_positive": 0.0546120841328442, "roi_head/num_bg_samples": 96.0, "roi_head/num_fg_samples": 32.0, "rpn/num_neg_anchors": 128.0, "rpn/num_pos_anchors": 128.0, "time": 1.6286660360001406, "total_loss": 0.3755989206929371}
{"data_time": 0.006824605501606129, "eta_seconds": 459.7494238402578, "fast_rcnn/cls_accuracy": 0.9765625, "fast_rcnn/false_negative": 0.0546875, "fast_rcnn/fg_cls_accuracy": 0.921875, "iteration": 619, "loss_box_reg": 0.15572147071361542, "loss_cls": 0.07326523959636688, "loss_mask": 0.08468003198504448, "loss_rpn_cls": 0.00037623541720677167, "loss_rpn_loc": 0.04596130922436714, "lr": 0.00015484525, "mask_rcnn/accuracy": 0.9653718909438775, "mask_rcnn/false_negative": 0.02339936506561153, "mask_rcnn/false_positive": 0.057492222003451186, "roi_head/num_bg_samples": 96.0, "roi_head/num_fg_samples": 32.0, "rpn/num_neg_anchors": 128.0, "rpn/num_pos_anchors": 128.0, "time": 1.5941392869990523, "total_loss": 0.36040871038858313}
{"data_time": 0.007713666500421823, "eta_seconds": 426.8631425498461, "fast_rcnn/cls_accuracy": 0.96875, "fast_rcnn/false_negative": 0.0625, "fast_rcnn/fg_cls_accuracy": 0.9140625, "iteration": 639, "loss_box_reg": 0.1448129490017891, "loss_cls": 0.0889371745288372, "loss_mask": 0.08576679229736328, "loss_rpn_cls": 0.0009797214879654348, "loss_rpn_loc": 0.04648830369114876, "lr": 0.00015984025, "mask_rcnn/accuracy": 0.9648238201530612, "mask_rcnn/false_negative": 0.02270328642545874, "mask_rcnn/false_positive": 0.053483195741454326, "roi_head/num_bg_samples": 96.0, "roi_head/num_fg_samples": 32.0, "rpn/num_neg_anchors": 128.0, "rpn/num_pos_anchors": 128.0, "time": 1.6255649219983752, "total_loss": 0.36153543351611006}
{"data_time": 0.006810650998886558, "eta_seconds": 393.94592687967815, "fast_rcnn/cls_accuracy": 0.970703125, "fast_rcnn/false_negative": 0.046875, "fast_rcnn/fg_cls_accuracy": 0.921875, "iteration": 659, "loss_box_reg": 0.15379439294338226, "loss_cls": 0.07662395015358925, "loss_mask": 0.08277713507413864, "loss_rpn_cls": 0.000563525187317282, "loss_rpn_loc": 0.045343054458498955, "lr": 0.00016483525, "mask_rcnn/accuracy": 0.9658003826530612, "mask_rcnn/false_negative": 0.024641438541686426, "mask_rcnn/false_positive": 0.052789185300011934, "roi_head/num_bg_samples": 96.0, "roi_head/num_fg_samples": 32.0, "rpn/num_neg_anchors": 128.0, "rpn/num_pos_anchors": 128.0, "time": 1.6329193545007001, "total_loss": 0.36804622224553896}
{"data_time": 0.00690653850142553, "eta_seconds": 361.20263344015257, "fast_rcnn/cls_accuracy": 0.96875, "fast_rcnn/false_negative": 0.0546875, "fast_rcnn/fg_cls_accuracy": 0.9375, "iteration": 679, "loss_box_reg": 0.16857466101646423, "loss_cls": 0.08360646292567253, "loss_mask": 0.08199512213468552, "loss_rpn_cls": 0.00021631836716551334, "loss_rpn_loc": 0.044345686212182045, "lr": 0.00016983025000000002, "mask_rcnn/accuracy": 0.9657206632653061, "mask_rcnn/false_negative": 0.022144023006885317, "mask_rcnn/false_positive": 0.05247274354873331, "roi_head/num_bg_samples": 96.0, "roi_head/num_fg_samples": 32.0, "rpn/num_neg_anchors": 128.0, "rpn/num_pos_anchors": 128.0, "time": 1.6567494614992029, "total_loss": 0.37680839963286417}
{"data_time": 0.007129123998311115, "eta_seconds": 328.3521754998219, "fast_rcnn/cls_accuracy": 0.974609375, "fast_rcnn/false_negative": 0.0625, "fast_rcnn/fg_cls_accuracy": 0.9296875, "iteration": 699, "loss_box_reg": 0.1522223949432373, "loss_cls": 0.08244139701128006, "loss_mask": 0.08596840128302574, "loss_rpn_cls": 0.0002634023840073496, "loss_rpn_loc": 0.04452161490917206, "lr": 0.00017482524999999998, "mask_rcnn/accuracy": 0.9644152582908163, "mask_rcnn/false_negative": 0.022283492399886366, "mask_rcnn/false_positive": 0.05348342573707662, "roi_head/num_bg_samples": 96.0, "roi_head/num_fg_samples": 32.0, "rpn/num_neg_anchors": 128.0, "rpn/num_pos_anchors": 128.0, "time": 1.6292462175006222, "total_loss": 0.3711114277903107}
{"data_time": 0.008863648998158169, "eta_seconds": 295.385244839963, "fast_rcnn/cls_accuracy": 0.970703125, "fast_rcnn/false_negative": 0.0625, "fast_rcnn/fg_cls_accuracy": 0.921875, "iteration": 719, "loss_box_reg": 0.14424371719360352, "loss_cls": 0.07824581488966942, "loss_mask": 0.07922957465052605, "loss_rpn_cls": 0.00037911569233983755, "loss_rpn_loc": 0.04318651929497719, "lr": 0.00017982025, "mask_rcnn/accuracy": 0.965949856505102, "mask_rcnn/false_negative": 0.023372308478691456, "mask_rcnn/false_positive": 0.05103714472699589, "roi_head/num_bg_samples": 96.0, "roi_head/num_fg_samples": 32.0, "rpn/num_neg_anchors": 128.0, "rpn/num_pos_anchors": 128.0, "time": 1.6072348854995653, "total_loss": 0.3441115978575908}
{"data_time": 0.006602478499189601, "eta_seconds": 262.4930812799721, "fast_rcnn/cls_accuracy": 0.970703125, "fast_rcnn/false_negative": 0.0546875, "fast_rcnn/fg_cls_accuracy": 0.921875, "iteration": 739, "loss_box_reg": 0.1536906138062477, "loss_cls": 0.0750257633626461, "loss_mask": 0.08240373805165291, "loss_rpn_cls": 0.0003320831892779097, "loss_rpn_loc": 0.043021610006690025, "lr": 0.00018481525, "mask_rcnn/accuracy": 0.965591119260204, "mask_rcnn/false_negative": 0.024863556551245194, "mask_rcnn/false_positive": 0.05306443978877531, "roi_head/num_bg_samples": 96.0, "roi_head/num_fg_samples": 32.0, "rpn/num_neg_anchors": 128.0, "rpn/num_pos_anchors": 128.0, "time": 1.628926853500161, "total_loss": 0.3536882771513774}
{"data_time": 0.006978938999964157, "eta_seconds": 229.7145272801572, "fast_rcnn/cls_accuracy": 0.97265625, "fast_rcnn/false_negative": 0.0625, "fast_rcnn/fg_cls_accuracy": 0.9296875, "iteration": 759, "loss_box_reg": 0.1465924009680748, "loss_cls": 0.07698678970336914, "loss_mask": 0.08611657470464706, "loss_rpn_cls": 0.0004334201803430915, "loss_rpn_loc": 0.04625649005174637, "lr": 0.00018981025, "mask_rcnn/accuracy": 0.964584661989796, "mask_rcnn/false_negative": 0.023349284738798277, "mask_rcnn/false_positive": 0.05294722822879908, "roi_head/num_bg_samples": 96.0, "roi_head/num_fg_samples": 32.0, "rpn/num_neg_anchors": 128.0, "rpn/num_pos_anchors": 128.0, "time": 1.666817079001703, "total_loss": 0.3504713841175544}
{"data_time": 0.0070917909979471005, "eta_seconds": 196.92349655997532, "fast_rcnn/cls_accuracy": 0.974609375, "fast_rcnn/false_negative": 0.046875, "fast_rcnn/fg_cls_accuracy": 0.9453125, "iteration": 779, "loss_box_reg": 0.1404377594590187, "loss_cls": 0.07315141335129738, "loss_mask": 0.08116573095321655, "loss_rpn_cls": 0.0002843399124685675, "loss_rpn_loc": 0.04446077719330788, "lr": 0.00019480525000000002, "mask_rcnn/accuracy": 0.9663883131377551, "mask_rcnn/false_negative": 0.023740270772250514, "mask_rcnn/false_positive": 0.047242599709742907, "roi_head/num_bg_samples": 96.0, "roi_head/num_fg_samples": 32.0, "rpn/num_neg_anchors": 128.0, "rpn/num_pos_anchors": 128.0, "time": 1.6561681274979492, "total_loss": 0.36431637035275344}
{"data_time": 0.0075968950004607905, "eta_seconds": 164.10291379997943, "fast_rcnn/cls_accuracy": 0.9765625, "fast_rcnn/false_negative": 0.046875, "fast_rcnn/fg_cls_accuracy": 0.9375, "iteration": 799, "loss_box_reg": 0.14845719933509827, "loss_cls": 0.06907326355576515, "loss_mask": 0.0806489810347557, "loss_rpn_cls": 0.00022353463282343, "loss_rpn_loc": 0.04485124722123146, "lr": 0.00019980025, "mask_rcnn/accuracy": 0.9660096460459184, "mask_rcnn/false_negative": 0.024602805880150937, "mask_rcnn/false_positive": 0.04921710989291698, "roi_head/num_bg_samples": 96.0, "roi_head/num_fg_samples": 32.0, "rpn/num_neg_anchors": 128.0, "rpn/num_pos_anchors": 128.0, "time": 1.633908669498851, "total_loss": 0.3447276181941561}
{"data_time": 0.005816474000312155, "eta_seconds": 131.26544416008983, "fast_rcnn/cls_accuracy": 0.97265625, "fast_rcnn/false_negative": 0.0625, "fast_rcnn/fg_cls_accuracy": 0.9140625, "iteration": 819, "loss_box_reg": 0.1608201339840889, "loss_cls": 0.07996619865298271, "loss_mask": 0.08289430662989616, "loss_rpn_cls": 0.0004213476786389947, "loss_rpn_loc": 0.045819927006959915, "lr": 0.00020479525, "mask_rcnn/accuracy": 0.964893574617347, "mask_rcnn/false_negative": 0.024003170908048446, "mask_rcnn/false_positive": 0.05217895888048031, "roi_head/num_bg_samples": 96.0, "roi_head/num_fg_samples": 32.0, "rpn/num_neg_anchors": 128.0, "rpn/num_pos_anchors": 128.0, "time": 1.5941128909998952, "total_loss": 0.36802780963262194}
{"data_time": 0.006699476500216406, "eta_seconds": 98.27782145992387, "fast_rcnn/cls_accuracy": 0.974609375, "fast_rcnn/false_negative": 0.0625, "fast_rcnn/fg_cls_accuracy": 0.9296875, "iteration": 839, "loss_box_reg": 0.13448037952184677, "loss_cls": 0.07504986971616745, "loss_mask": 0.07724514976143837, "loss_rpn_cls": 0.00016157323989318684, "loss_rpn_loc": 0.041806140914559364, "lr": 0.00020979024999999999, "mask_rcnn/accuracy": 0.9670758928571428, "mask_rcnn/false_negative": 0.023570054952367272, "mask_rcnn/false_positive": 0.05060976881072636, "roi_head/num_bg_samples": 96.0, "roi_head/num_fg_samples": 32.0, "rpn/num_neg_anchors": 128.0, "rpn/num_pos_anchors": 128.0, "time": 1.548482944499483, "total_loss": 0.32778259308543056}
{"data_time": 0.007293184500667849, "eta_seconds": 65.51854763994925, "fast_rcnn/cls_accuracy": 0.974609375, "fast_rcnn/false_negative": 0.046875, "fast_rcnn/fg_cls_accuracy": 0.9375, "iteration": 859, "loss_box_reg": 0.13743232935667038, "loss_cls": 0.06974808871746063, "loss_mask": 0.08345174416899681, "loss_rpn_cls": 0.00027307299023959786, "loss_rpn_loc": 0.04319922626018524, "lr": 0.00021478524999999997, "mask_rcnn/accuracy": 0.9640066964285714, "mask_rcnn/false_negative": 0.02578223214880681, "mask_rcnn/false_positive": 0.05231123143065965, "roi_head/num_bg_samples": 96.0, "roi_head/num_fg_samples": 32.0, "rpn/num_neg_anchors": 128.0, "rpn/num_pos_anchors": 128.0, "time": 1.628976951000368, "total_loss": 0.3277731471171137}
{"data_time": 0.008065216001341469, "eta_seconds": 32.77659461997246, "fast_rcnn/cls_accuracy": 0.974609375, "fast_rcnn/false_negative": 0.046875, "fast_rcnn/fg_cls_accuracy": 0.921875, "iteration": 879, "loss_box_reg": 0.1370050609111786, "loss_cls": 0.06876761838793755, "loss_mask": 0.08007029071450233, "loss_rpn_cls": 0.0002240983012598008, "loss_rpn_loc": 0.04190678521990776, "lr": 0.00021978025000000002, "mask_rcnn/accuracy": 0.9670161033163265, "mask_rcnn/false_negative": 0.02224239046498304, "mask_rcnn/false_positive": 0.04683506319645185, "roi_head/num_bg_samples": 96.0, "roi_head/num_fg_samples": 32.0, "rpn/num_neg_anchors": 128.0, "rpn/num_pos_anchors": 128.0, "time": 1.6618909645003441, "total_loss": 0.33509577834047377}
{"data_time": 0.007596698002089397, "eta_seconds": 0.0, "fast_rcnn/cls_accuracy": 0.98046875, "fast_rcnn/false_negative": 0.046875, "fast_rcnn/fg_cls_accuracy": 0.9453125, "iteration": 899, "loss_box_reg": 0.14710483700037003, "loss_cls": 0.06358630955219269, "loss_mask": 0.08459319174289703, "loss_rpn_cls": 0.00032467163691762835, "loss_rpn_loc": 0.04334023408591747, "lr": 0.00022477525, "mask_rcnn/accuracy": 0.9636678890306123, "mask_rcnn/false_negative": 0.02438634384134908, "mask_rcnn/false_positive": 0.04969159554985605, "roi_head/num_bg_samples": 96.0, "roi_head/num_fg_samples": 32.0, "rpn/num_neg_anchors": 128.0, "rpn/num_pos_anchors": 128.0, "time": 1.6230658585009223, "total_loss": 0.33319330704398453}
