{"data_time": 0.006097093500102346, "eta_seconds": 446.30873434016394, "fast_rcnn/cls_accuracy": 0.486328125, "fast_rcnn/false_negative": 0.03125, "fast_rcnn/fg_cls_accuracy": 0.4921875, "iteration": 19, "loss_box_reg": 0.6674400866031647, "loss_cls": 1.2994892001152039, "loss_mask": 0.6901439428329468, "loss_rpn_cls": 0.03395330719649792, "loss_rpn_loc": 0.06391462683677673, "lr": 4.99525e-06, "mask_rcnn/accuracy": 0.7914042570153061, "mask_rcnn/false_negative": 0.22882848294988536, "mask_rcnn/false_positive": 0.15826438449481134, "roi_head/num_bg_samples": 96.0, "roi_head/num_fg_samples": 32.0, "rpn/num_neg_anchors": 128.0, "rpn/num_pos_anchors": 128.0, "time": 1.5939597655005855, "total_loss": 2.755335096269846}
{"data_time": 0.0067638340005942155, "eta_seconds": 418.7025706504028, "fast_rcnn/cls_accuracy": 0.66796875, "fast_rcnn/false_negative": 0.109375, "fast_rcnn/fg_cls_accuracy": 0.4375, "iteration": 39, "loss_box_reg": 0.6785210371017456, "loss_cls": 1.1943467259407043, "loss_mask": 0.676922470331192, "loss_rpn_cls": 0.024575662799179554, "loss_rpn_loc": 0.054477836936712265, "lr": 9.99025e-06, "mask_rcnn/accuracy": 0.9327666613520409, "mask_rcnn/false_negative": 0.0022318855195978234, "mask_rcnn/false_positive": 0.17688988583851084, "roi_head/num_bg_samples": 96.0, "roi_head/num_fg_samples": 32.0, "rpn/num_neg_anchors": 128.0, "rpn/num_pos_anchors": 128.0, "time": 1.6141494435014465, "total_loss": 2.656303757801652}
{"data_time": 0.006120000500231981, "eta_seconds": 386.1210512402613, "fast_rcnn/cls_accuracy": 0.7734375, "fast_rcnn/false_negative": 0.6328125, "fast_rcnn/fg_cls_accuracy": 0.21875, "iteration": 59, "loss_box_reg": 0.6791645586490631, "loss_cls": 1.0169877409934998, "loss_mask": 0.6493440568447113, "loss_rpn_cls": 0.01864535640925169, "loss_rpn_loc": 0.051805390045046806, "lr": 1.4985249999999999e-05, "mask_rcnn/accuracy": 0.9295479910714286, "mask_rcnn/false_negative": 0.0016861078837332043, "mask_rcnn/false_positive": 0.20088876264250544, "roi_head/num_bg_samples": 96.0, "roi_head/num_fg_samples": 32.0, "rpn/num_neg_anchors": 128.0, "rpn/num_pos_anchors": 128.0, "time": 1.5672690169994894, "total_loss": 2.4255917055997998}
{"data_time": 0.006970020000153454, "eta_seconds": 355.9803022599772, "fast_rcnn/cls_accuracy": 0.75, "fast_rcnn/false_negative": 0.984375, "fast_rcnn/fg_cls_accuracy": 0.0, "iteration": 79, "loss_box_reg": 0.654491126537323, "loss_cls": 0.8265912532806396, "loss_mask": 0.6073350608348846, "loss_rpn_cls": 0.013155858963727951, "loss_rpn_loc": 0.052759818732738495, "lr": 1.9980250000000002e-05, "mask_rcnn/accuracy": 0.9266681281887755, "mask_rcnn/false_negative": 0.0017455484562902634, "mask_rcnn/false_positive": 0.20269801403954918, "roi_head/num_bg_samples": 96.0, "roi_head/num_fg_samples": 32.0, "rpn/num_neg_anchors": 128.0, "rpn/num_pos_anchors": 128.0, "time": 1.6653570195012435, "total_loss": 2.1480570007115602}
{"data_time": 0.007377784000709653, "eta_seconds": 323.85016009993706, "fast_rcnn/cls_accuracy": 0.75, "fast_rcnn/false_negative": 1.0, "fast_rcnn/fg_cls_accuracy": 0.0, "iteration": 99, "loss_box_reg": 0.6460703015327454, "loss_cls": 0.6783172786235809, "loss_mask": 0.5617884695529938, "loss_rpn_cls": 0.008560731541365385, "loss_rpn_loc": 0.05000944063067436, "lr": 2.497525e-05, "mask_rcnn/accuracy": 0.9256218112244898, "mask_rcnn/false_negative": 0.0015474955811633, "mask_rcnn/false_positive": 0.20158948133931343, "roi_head/num_bg_samples": 96.0, "roi_head/num_fg_samples": 32.0, "rpn/num_neg_anchors": 128.0, "rpn/num_pos_anchors": 128.0, "time": 1.6703825115000654, "total_loss": 1.945088074542582}
{"data_time": 0.007243300500704208, "eta_seconds": 291.25661093998133, "fast_rcnn/cls_accuracy": 0.75, "fast_rcnn/false_negative": 1.0, "fast_rcnn/fg_cls_accuracy": 0.0, "iteration": 119, "loss_box_reg": 0.6717555820941925, "loss_cls": 0.5940895974636078, "loss_mask": 0.5003240704536438, "loss_rpn_cls": 0.010275885928422213, "loss_rpn_loc": 0.049773698672652245, "lr": 2.997025e-05, "mask_rcnn/accuracy": 0.9260503029336735, "mask_rcnn/false_negative": 0.0013664611542182313, "mask_rcnn/false_positive": 0.2079302884049375, "roi_head/num_bg_samples": 96.0, "roi_head/num_fg_samples": 32.0, "rpn/num_neg_anchors": 128.0, "rpn/num_pos_anchors": 128.0, "time": 1.597574116000942, "total_loss": 1.8233925579115748}
{"data_time": 0.006752333500116947, "eta_seconds": 259.08012807994965, "fast_rcnn/cls_accuracy": 0.75, "fast_rcnn/false_negative": 1.0, "fast_rcnn/fg_cls_accuracy": 0.0, "iteration": 139, "loss_box_reg": 0.6406537890434265, "loss_cls": 0.5457988977432251, "loss_mask": 0.4481695294380188, "loss_rpn_cls": 0.005567147396504879, "loss_rpn_loc": 0.04967728070914745, "lr": 3.4965250000000005e-05, "mask_rcnn/accuracy": 0.9276845503826531, "mask_rcnn/false_negative": 0.0015549562170525076, "mask_rcnn/false_positive": 0.20007452931719388, "roi_head/num_bg_samples": 96.0, "roi_head/num_fg_samples": 32.0, "rpn/num_neg_anchors": 128.0, "rpn/num_pos_anchors": 128.0, "time": 1.6463684065001871, "total_loss": 1.7470252074999735}
{"data_time": 0.006992183500187821, "eta_seconds": 227.51387015003274, "fast_rcnn/cls_accuracy": 0.75, "fast_rcnn/false_negative": 1.0, "fast_rcnn/fg_cls_accuracy": 0.0, "iteration": 159, "loss_box_reg": 0.6640370786190033, "loss_cls": 0.5039714574813843, "loss_mask": 0.39205868542194366, "loss_rpn_cls": 0.005390821723267436, "loss_rpn_loc": 0.049635039642453194, "lr": 3.996025e-05, "mask_rcnn/accuracy": 0.9299764827806123, "mask_rcnn/false_negative": 0.001566336494403447, "mask_rcnn/false_positive": 0.19194043874368433, "roi_head/num_bg_samples": 96.0, "roi_head/num_fg_samples": 32.0, "rpn/num_neg_anchors": 128.0, "rpn/num_pos_anchors": 128.0, "time": 1.6728923710006711, "total_loss": 1.602352062938735}
{"data_time": 0.007893543499449152, "eta_seconds": 195.13698474002013, "fast_rcnn/cls_accuracy": 0.765625, "fast_rcnn/false_negative": 0.8828125, "fast_rcnn/fg_cls_accuracy": 0.0625, "iteration": 179, "loss_box_reg": 0.6620737910270691, "loss_cls": 0.45641788840293884, "loss_mask": 0.3334120661020279, "loss_rpn_cls": 0.003758310340344906, "loss_rpn_loc": 0.0498594269156456, "lr": 4.4955249999999996e-05, "mask_rcnn/accuracy": 0.9287906568877551, "mask_rcnn/false_negative": 0.00195222401530439, "mask_rcnn/false_positive": 0.19332766325104334, "roi_head/num_bg_samples": 96.0, "roi_head/num_fg_samples": 32.0, "rpn/num_neg_anchors": 128.0, "rpn/num_pos_anchors": 128.0, "time": 1.6341094619992873, "total_loss": 1.5036458624526858}
{"data_time": 0.00657108050017996, "eta_seconds": 162.5395473500248, "fast_rcnn/cls_accuracy": 0.791015625, "fast_rcnn/false_negative": 0.6640625, "fast_rcnn/fg_cls_accuracy": 0.1640625, "iteration": 199, "loss_box_reg": 0.6185446083545685, "loss_cls": 0.4312235563993454, "loss_mask": 0.29186001420021057, "loss_rpn_cls": 0.0067061795853078365, "loss_rpn_loc": 0.04858282953500748, "lr": 4.9950250000000005e-05, "mask_rcnn/accuracy": 0.9314512914540817, "mask_rcnn/false_negative": 0.0018943893484969208, "mask_rcnn/false_positive": 0.1688826342628076, "roi_head/num_bg_samples": 96.0, "roi_head/num_fg_samples": 32.0, "rpn/num_neg_anchors": 128.0, "rpn/num_pos_anchors": 128.0, "time": 1.6068245240003307, "total_loss": 1.3763579879887402}
{"data_time": 0.006917294000231777, "eta_seconds": 130.30217703992093, "fast_rcnn/cls_accuracy": 0.82421875, "fast_rcnn/false_negative": 0.4921875, "fast_rcnn/fg_cls_accuracy": 0.3046875, "iteration": 219, "loss_box_reg": 0.6013137102127075, "loss_cls": 0.39943042397499084, "loss_mask": 0.25923952460289, "loss_rpn_cls": 0.002487385179847479, "loss_rpn_loc": 0.04967150837182999, "lr": 5.494525e-05, "mask_rcnn/accuracy": 0.9363341039540817, "mask_rcnn/false_negative": 0.00231841893470641, "mask_rcnn/false_positive": 0.16730255251900397, "roi_head/num_bg_samples": 96.0, "roi_head/num_fg_samples": 32.0, "rpn/num_neg_anchors": 128.0, "rpn/num_pos_anchors": 128.0, "time": 1.650240849000511, "total_loss": 1.3066949962521903}
{"data_time": 0.0066267974998481805, "eta_seconds": 97.7266327799407, "fast_rcnn/cls_accuracy": 0.861328125, "fast_rcnn/false_negative": 0.3515625, "fast_rcnn/fg_cls_accuracy": 0.4453125, "iteration": 239, "loss_box_reg": 0.58216193318367, "loss_cls": 0.3754407465457916, "loss_mask": 0.22420325130224228, "loss_rpn_cls": 0.0012419232516549528, "loss_rpn_loc": 0.04839010909199715, "lr": 5.994025e-05, "mask_rcnn/accuracy": 0.9405193718112246, "mask_rcnn/false_negative": 0.003150955322437617, "mask_rcnn/false_positive": 0.16064486710327686, "roi_head/num_bg_samples": 96.0, "roi_head/num_fg_samples": 32.0, "rpn/num_neg_anchors": 128.0, "rpn/num_pos_anchors": 128.0, "time": 1.614595742500569, "total_loss": 1.2322291145683266}
{"data_time": 0.0069485600006373716, "eta_seconds": 65.15108851996047, "fast_rcnn/cls_accuracy": 0.876953125, "fast_rcnn/false_negative": 0.2578125, "fast_rcnn/fg_cls_accuracy": 0.515625, "iteration": 259, "loss_box_reg": 0.5319289863109589, "loss_cls": 0.3419724553823471, "loss_mask": 0.19829633831977844, "loss_rpn_cls": 0.004323176690377295, "loss_rpn_loc": 0.048670899122953415, "lr": 6.493525e-05, "mask_rcnn/accuracy": 0.9447943239795917, "mask_rcnn/false_negative": 0.0031595152349034768, "mask_rcnn/false_positive": 0.15350974958978358, "roi_head/num_bg_samples": 96.0, "roi_head/num_fg_samples": 32.0, "rpn/num_neg_anchors": 128.0, "rpn/num_pos_anchors": 128.0, "time": 1.630279906999931, "total_loss": 1.1138180767884478}
{"data_time": 0.0067545789997893735, "eta_seconds": 32.62270007000552, "fast_rcnn/cls_accuracy": 0.890625, "fast_rcnn/false_negative": 0.25, "fast_rcnn/fg_cls_accuracy": 0.578125, "iteration": 279, "loss_box_reg": 0.5196112096309662, "loss_cls": 0.3229074329137802, "loss_mask": 0.16983582824468613, "loss_rpn_cls": 0.0023789305705577135, "loss_rpn_loc": 0.048972275108098984, "lr": 6.993025000000002e-05, "mask_rcnn/accuracy": 0.9472357302295917, "mask_rcnn/false_negative": 0.0038965974472128387, "mask_rcnn/false_positive": 0.13884764902218874, "roi_head/num_bg_samples": 96.0, "roi_head/num_fg_samples": 32.0, "rpn/num_neg_anchors": 128.0, "rpn/num_pos_anchors": 128.0, "time": 1.6516434844988908, "total_loss": 1.0714327753521502}
{"data_time": 0.007032349501059798, "eta_seconds": 0.0, "fast_rcnn/cls_accuracy": 0.88671875, "fast_rcnn/false_negative": 0.171875, "fast_rcnn/fg_cls_accuracy": 0.578125, "iteration": 299, "loss_box_reg": 0.4692246913909912, "loss_cls": 0.2954989820718765, "loss_mask": 0.15302211791276932, "loss_rpn_cls": 0.0018057535635307431, "loss_rpn_loc": 0.04944266192615032, "lr": 7.492525e-05, "mask_rcnn/accuracy": 0.9492287149234694, "mask_rcnn/false_negative": 0.005352483095215766, "mask_rcnn/false_positive": 0.1302605248111703, "roi_head/num_bg_samples": 96.0, "roi_head/num_fg_samples": 32.0, "rpn/num_neg_anchors": 128.0, "rpn/num_pos_anchors": 128.0, "time": 1.6220717170008356, "total_loss": 0.9659088493790478}
